{
    "CompileProcesses": [
        "cgproc.23454.json"
    ],
    "cycles_program_begin": 21463116260633,
    "stat": {
        "ru_self_cgstart": {
            "ru_nvcsw": 27,
            "ru_minflt": 26566,
            "ru_utime_sec": 0.15549099999999999,
            "ru_majflt": 0,
            "ru_stime_sec": 0.053094000000000002,
            "ru_maxrss_kb": 79840,
            "ru_nivcsw": 9
        },
        "ru_childs_cgstart": {
            "ru_nvcsw": 25,
            "ru_minflt": 10702,
            "ru_utime_sec": 0.019352999999999999,
            "ru_majflt": 0,
            "ru_stime_sec": 0.022134999999999998,
            "ru_maxrss_kb": 27124,
            "ru_nivcsw": 23
        },
        "mopSpeed": 356611.19904179306,
        "totalObjSize": 205338,
        "outputSizePerQuad": 33.628889616770387,
        "cpu_cycles_cgstart": 21463605879910,
        "ru_self_end": {
            "ru_nvcsw": 28,
            "ru_minflt": 30808,
            "ru_utime_sec": 0.20224500000000001,
            "ru_majflt": 0,
            "ru_stime_sec": 0.060409999999999998,
            "ru_maxrss_kb": 90148,
            "ru_nivcsw": 10
        },
        "quadSpeed": 130598.45146939294,
        "nQuads": 6106,
        "nMops": 16673,
        "ru_childs_end": {
            "ru_nvcsw": 26,
            "ru_minflt": 11301,
            "ru_utime_sec": 0.019352999999999999,
            "ru_majflt": 0,
            "ru_stime_sec": 0.024187,
            "ru_maxrss_kb": 27516,
            "ru_nivcsw": 25
        },
        "cpu_cycles_end": 21463757070392,
        "cpu_cycles_total": 640809759,
        "CodeGen(%)": 21.098565871533143,
        "mop/quad": 2.7305928594824764,
        "Frontend(%)": 78.90143412846686,
        "peak_mem_kb": 258184,
        "realTime": 0.26043510437011719
    },
    "perf": [
        {
            "sub": [
                {
                    "sub": [],
                    "stat": [
                        "doParsingAndDesignResolution",
                        "entry",
                        0.033660173416137695,
                        0.04564,
                        0.035497000000000001,
                        240264,
                        241064,
                        0.0,
                        0.0,
                        1773036682.3183341,
                        21463147677023
                    ]
                },
                {
                    "sub": [],
                    "stat": [
                        "doParsingAndDesignResolution",
                        "exit",
                        0.064972162246704102,
                        0.070889999999999995,
                        0.041556000000000003,
                        242208,
                        242856,
                        0.0,
                        0.0,
                        1773036682.3496461,
                        21463231885247
                    ]
                },
                {
                    "sub": [
                        {
                            "sub": [],
                            "stat": [
                                "doUptoVir2VcsNoSepCleanup",
                                "entry",
                                0.093750953674316406,
                                0.099027000000000004,
                                0.042061000000000001,
                                247308,
                                247312,
                                0.0,
                                0.0,
                                1773036682.3784249,
                                21463309220475
                            ]
                        },
                        {
                            "sub": [],
                            "stat": [
                                "doUptoVir2VcsNoSepCleanup",
                                "exit",
                                0.1690070629119873,
                                0.15117700000000001,
                                0.050814999999999999,
                                257736,
                                257756,
                                0.0084379999999999993,
                                0.0046039999999999996,
                                1773036682.453681,
                                21463511476910
                            ]
                        },
                        {
                            "sub": [],
                            "stat": [
                                "doRadify_vir2vcsAll",
                                "entry",
                                0.16907906532287598,
                                0.151231,
                                0.050833999999999997,
                                257736,
                                257756,
                                0.0084379999999999993,
                                0.0046039999999999996,
                                1773036682.453753,
                                21463511604022
                            ]
                        },
                        {
                            "sub": [],
                            "stat": [
                                "doRadify_vir2vcsAll",
                                "exit",
                                0.1738741397857666,
                                0.15482699999999999,
                                0.052032000000000002,
                                257736,
                                257756,
                                0.0084379999999999993,
                                0.0046039999999999996,
                                1773036682.4585481,
                                21463524550810
                            ]
                        }
                    ],
                    "stat": [
                        "doPostDesignResolutionToVir2Vcs",
                        "entry",
                        0.066120147705078125,
                        0.072039000000000006,
                        0.041556000000000003,
                        242208,
                        242856,
                        0.0,
                        0.0,
                        1773036682.3507941,
                        21463234932627
                    ]
                },
                {
                    "sub": [],
                    "stat": [
                        "doPostDesignResolutionToVir2Vcs",
                        "exit",
                        0.17391705513000488,
                        0.15486,
                        0.052042999999999999,
                        257736,
                        257756,
                        0.0084379999999999993,
                        0.0046039999999999996,
                        1773036682.458591,
                        21463524601288
                    ]
                },
                {
                    "sub": [
                        {
                            "sub": [],
                            "stat": [
                                "DoPass2",
                                "entry",
                                0.20410895347595215,
                                0.155446,
                                0.053079000000000001,
                                256180,
                                257756,
                                0.019352999999999999,
                                0.022134999999999998,
                                1773036682.4887829,
                                21463605816704
                            ]
                        },
                        {
                            "sub": [],