{
    "cpu_cycles_pass2_start": 25535406198202,
    "CompileProcesses": [
        "cgproc.28783.json"
    ],
    "cycles_program_begin": 25534902924134,
    "perf": [
        {
            "stat": [
                "main",
                "entry",
                0.012518167495727539,
                0.024409,
                0.014130999999999999,
                216444,
                216444,
                0.0,
                0.0,
                1773038197.1085291,
                25534903176736
            ],
            "sub": [
                {
                    "stat": [
                        "doParsingAndDesignResolution",
                        "entry",
                        0.021255016326904297,
                        0.024701000000000001,
                        0.020785000000000001,
                        240264,
                        241064,
                        0.0,
                        0.0,
                        1773038197.1172659,
                        25534926618927
                    ],
                    "sub": []
                },
                {
                    "stat": [
                        "doParsingAndDesignResolution",
                        "exit",
                        0.05533909797668457,
                        0.049911999999999998,
                        0.029434999999999999,
                        242224,
                        242872,
                        0.0,
                        0.0,
                        1773038197.15135,
                        25535018327551
                    ],
                    "sub": []
                },
                {
                    "stat": [
                        "doPostDesignResolutionToVir2Vcs",
                        "entry",
                        0.056569099426269531,
                        0.051143000000000001,
                        0.029434999999999999,
                        242224,
                        242872,
                        0.0,
                        0.0,
                        1773038197.15258,
                        25535021544531
                    ],
                    "sub": [
                        {
                            "stat": [
                                "doUptoVir2VcsNoSepCleanup",
                                "entry",
                                0.081727981567382812,
                                0.074594999999999995,
                                0.030934,
                                247308,
                                247312,
                                0.0,
                                0.0,
                                1773038197.1777389,
                                25535089182643
                            ],
                            "sub": []
                        },
                        {
                            "stat": [
                                "doUptoVir2VcsNoSepCleanup",
                                "exit",
                                0.16832709312438965,
                                0.13769500000000001,
                                0.038247999999999997,
                                257764,
                                257784,
                                0.0054330000000000003,
                                0.0095440000000000004,
                                1773038197.264338,
                                25535321981435
                            ],
                            "sub": []
                        },
                        {
                            "stat": [
                                "doRadify_vir2vcsAll",
                                "entry",
                                0.16841411590576172,
                                0.137763,
                                0.038267000000000002,
                                257764,
                                257784,
                                0.0054330000000000003,
                                0.0095440000000000004,
                                1773038197.264425,
                                25535322162005
                            ],
                            "sub": []
                        },
                        {
                            "stat": [
                                "doRadify_vir2vcsAll",
                                "exit",
                                0.17700910568237305,
                                0.14513100000000001,
                                0.039465,
                                257764,
                                257784,
                                0.0054330000000000003,
                                0.0095440000000000004,
                                1773038197.27302,
                                25535345343763
                            ],
                            "sub": []
                        }
                    ]
                },
                {
                    "stat": [
                        "doPostDesignResolutionToVir2Vcs",
                        "exit",
                        0.17707300186157227,
                        0.14518300000000001,
                        0.039479,
                        257764,
                        257784,
                        0.0054330000000000003,
                        0.0095440000000000004,
                        1773038197.2730839,
                        25535345419627
                    ],
                    "sub": []
                },
                {
                    "stat": [
                        "doGAToPass2",
                        "entry",
                        0.17709898948669434,
                        0.145204,
                        0.039484999999999999,
                        257764,
                        257784,
                        0.0054330000000000003,
                        0.0095440000000000004,
                        1773038197.2731099,
                        25535345482259
                    ],
                    "sub": [
                        {
                            "stat": [
                                "DoPass2",
                                "entry",
                                0.19965505599975586,
                                0.14718400000000001,
                                0.039675000000000002,
                                256208,
                                257784,
                                0.016376000000000002,
                                0.018825000000000001,
                                1773038197.295666,
                                25535406180566
                            ],
                            "sub": []
                        },
                        {
                            "stat": [
                                "DoPass2",
                                "exit",
                                0.25911998748779297,
                                0.19251399999999999,
                                0.051337000000000001,
                                258184,
                                258212,
                                0.016376000000000002,
                                0.021260000000000001,
                                1773038197.3551309,
                                25535565982158
                            ],