{
    "stat": {
        "ru_self_end": {
            "ru_nvcsw": 28,
            "ru_minflt": 30803,
            "ru_utime_sec": 0.20203299999999999,
            "ru_majflt": 0,
            "ru_stime_sec": 0.060346999999999998,
            "ru_maxrss_kb": 90148,
            "ru_nivcsw": 10
        },
        "ru_childs_end": {
            "ru_nvcsw": 26,
            "ru_minflt": 11301,
            "ru_utime_sec": 0.019352999999999999,
            "ru_majflt": 0,
            "ru_stime_sec": 0.024187,
            "ru_maxrss_kb": 27516,
            "ru_nivcsw": 25
        },
        "cpu_cycles_end": 21463756334518,
        "peak_mem_kb": 258184
    },
    "Modules": {
        "...MASTER...": {
            "start_perf": [
                0.20419812202453613,
                0.15551300000000001,
                0.053102000000000003,
                256180,
                257756,
                1773036682.4888721,
                21463605994838
            ],
            "child_modules": {
                "tb_mnist_cim_demo_a_top": 1,
                "std": 1,
                "mnist_cim_pkg": 1
            },
            "nMops": 0,
            "nQuads": 0,
            "end_perf": [
                0.20821404457092285,
                0.15627099999999999,
                0.054190000000000002,
                256192,
                257756,
                21463616830396,
                0,
                0
            ],
            "nRouts": 5
        },
        "std": {
            "start_perf": [
                0.20828914642333984,
                0.15632699999999999,
                0.054210000000000001,
                256192,
                257756,
                1773036682.4929631,
                21463616993758
            ],
            "Compiled Times": 14,
            "svclass": [
                "$vcs_nba_dyn_obj",
                0,
                35,
                2,
                2,
                0,
                "sigprop$$",
                0,
                35,
                2,
                2,
                0,
                "process",
                0,
                200,
                8,
                8,
                0,
                "event",
                0,
                34,
                2,
                2,
                0,
                "mailbox",
                0,
                140,
                9,
                9,
                0,
                "semaphore",
                0,
                84,
                5,
                5,
                0
            ],
            "child_modules": {},
            "Compiled": "Yes",
            "nQuads": 218,
            "nMops": 528,
            "end_perf": [
                0.2104191780090332,
                0.15790799999999999,
                0.054758000000000001,
                256208,
                257756,
                21463622754294,
                8589934594,
                0
            ],
            "nRouts": 33
        },
        "mnist_cim_pkg": {
            "Compiled Times": 2,
            "start_perf": [
                0.21045899391174316,
                0.157938,
                0.054768999999999998,
                256208,
                257756,
                1773036682.4951329,
                21463622823970
            ],
            "child_modules": {},
            "Compiled": "Yes",
            "nMops": 0,
            "nQuads": 0,
            "end_perf": [
                0.21078300476074219,
                0.15817899999999999,
                0.054851999999999998,
                256208,
                257756,
                21463623711298,
                12884901889,
                0
            ],
            "nRouts": 5
        },
        "fc1_weight_bank": {
            "Compiled Times": 2,
            "start_perf": [
                0.22995114326477051,
                0.17641999999999999,
                0.055779000000000002,
                256208,
                257756,
                1773036682.5146251,
                21463675218706
            ],
            "child_modules": {},
            "Compiled": "Yes",
            "nMops": 499,
            "nQuads": 207,
            "end_perf": [
                0.23108506202697754,
                0.17727999999999999,
                0.056051999999999998,
                256208,
                257756,
                21463678291018,
                60129542145,
                0
            ],
            "nRouts": 27
        },
        "tb_mnist_cim_demo_a_top": {
            "Compiled Times": 2,
            "start_perf": [
                0.24180412292480469,
                0.18692600000000001,
                0.057126000000000003,
                256208,
                257756,
                1773036682.5264781,
                21463707078754
            ],
            "child_modules": {
                "mnist_inference_core_board": 1
            },
            "Compiled": "Yes",
            "nMops": 2499,
            "nQuads": 1255,
            "end_perf": [
                0.25619316101074219,
                0.200126,
                0.058313999999999998,
                258160,
                258164,
                21463745820322,
                94489280513,
                0
            ],
            "nRouts": 136
        },
        "fc2_weight_bank": {
            "Compiled Times": 2,
            "start_perf": [
                0.2197880744934082,
                0.16717799999999999,
                0.054858999999999998,
                256208,
                257756,
                1773036682.504462,
                21463647904116
            ],
            "child_modules": {},
            "Compiled": "Yes",
            "nMops": 301,
            "nQuads": 144,
            "end_perf": [
                0.22110915184020996,
                0.16847400000000001,
                0.054880999999999999,
                256208,
                257756,
                21463651495086,
                25769803777,
                0
            ],
            "nRouts": 21
        },
        "fc1_relu_requantize_with_file": {
            "Compiled Times": 2,
            "start_perf": [
                0.21080803871154785,
                0.15819800000000001,
                0.054858999999999998,
                256208,
                257756,
                1773036682.495482,
                21463623760486
            ],
            "child_modules": {},
            "Compiled": "Yes",
            "nMops": 741,
            "nQuads": 183,
            "end_perf": [
                0.2197411060333252,
                0.167129,
                0.054858999999999998,
                256208,
                257756,
                21463647836494,
                21474836481,
                0
            ],
            "nRouts": 23
        },
        "fc1_ob_engine_shared_input_0000": {
            "Compiled Times": 2,
            "start_perf": [
                0.23203516006469727,
                0.17800299999999999,
                0.056279999999999997,
                256208,
                257756,
                1773036682.5167091,
                21463680821508
            ],
            "child_modules": {
                "fc1_bias_bank": 1,
                "psum_accum": 1,
                "cim_tile": 1,
                "fc1_weight_bank": 1
            },
            "Compiled": "Yes",
            "nMops": 2529,
            "nQuads": 639,
            "end_perf": [
                0.23474502563476562,
                0.18068899999999999,
                0.056300999999999997,
                256208,
                257756,
                21463688183046,
                68719476737,
                0
            ],
            "nRouts": 46
        },
        "fc1_multi_block_shared_sample_rom_0000": {
            "Compiled Times": 2,