{
    "CompUnits": {
        "jraYR_d": {
            "mod": "tb_mnist_cim_demo_a_top",
            "out": "jraYR_d.o",
            "archive": "archive.17/_28783_archive_1.a",
            "mode": 4,
            "text": 26968,
            "bytes": 72654,
            "checksum": 0
        }
    },
    "Modules": {
        "mnist_inference_core_board": {
            "nMops": 116,
            "start_perf": [
                0.23996996879577637,
                0.17580200000000001,
                0.048898999999999998,
                256236,
                257784,
                1773038197.3359809,
                25535514464856
            ],
            "child_modules": {
                "argmax_int8": 1,
                "fc1_multi_block_shared_sample_rom_0000": 1,
                "fc1_to_fc2_top_with_file": 1
            },
            "Compiled": "Yes",
            "nQuads": 64,
            "Compiled Times": 6,
            "end_perf": [
                0.24119806289672852,
                0.17702999999999999,
                0.048898999999999998,
                256236,
                257784,
                25535517799414,
                77309411329,
                0
            ],
            "nRouts": 26
        },
        "mnist_cim_pkg": {
            "nMops": 0,
            "start_perf": [
                0.20691609382629395,
                0.147729,
                0.043917999999999999,
                256236,
                257784,
                1773038197.302927,
                25535425620242
            ],
            "child_modules": {},
            "Compiled": "Yes",
            "nQuads": 0,
            "Compiled Times": 6,
            "end_perf": [
                0.20748400688171387,
                0.147729,
                0.044484999999999997,
                256236,
                257784,
                25535427183046,
                12884901889,
                0
            ],
            "nRouts": 5
        },
        "argmax_int8": {
            "nMops": 269,
            "start_perf": [
                0.22386503219604492,
                0.159967,
                0.04863,
                256236,
                257784,
                1773038197.319876,
                25535471177596
            ],
            "child_modules": {},
            "Compiled": "Yes",
            "nQuads": 112,
            "Compiled Times": 6,
            "end_perf": [
                0.22483015060424805,
                0.16070699999999999,
                0.048854000000000002,
                256236,
                257784,
                25535473795946,
                42949672961,
                0
            ],
            "nRouts": 18
        },
        "...MASTER...": {
            "nMops": 0,
            "start_perf": [
                0.19976615905761719,
                0.14718400000000001,
                0.039799000000000001,
                256208,
                257784,
                1773038197.2957771,
                25535406405418
            ],
            "child_modules": {
                "tb_mnist_cim_demo_a_top": 1,
                "std": 1,
                "mnist_cim_pkg": 1
            },
            "end_perf": [
                0.20403409004211426,
                0.147674,
                0.041091000000000003,
                256220,
                257784,
                25535417908496,
                0,
                0
            ],
            "nQuads": 0,
            "nRouts": 5
        },
        "std": {
            "start_perf": [
                0.20410513877868652,
                0.147729,
                0.041106999999999998,
                256220,
                257784,
                1773038197.3001161,
                25535418061424
            ],
            "nMops": 528,
            "child_modules": {},
            "Compiled": "Yes",
            "nQuads": 218,
            "Compiled Times": 18,
            "end_perf": [
                0.2068641185760498,
                0.147729,
                0.043865000000000001,
                256236,
                257784,
                25535425536190,
                8589934594,
                0
            ],
            "svclass": [
                "$vcs_nba_dyn_obj",
                0,
                35,
                2,
                2,
                0,
                "sigprop$$",
                0,
                35,
                2,
                2,
                0,
                "process",
                0,
                200,
                8,
                8,
                0,
                "event",
                0,
                34,
                2,
                2,
                0,
                "mailbox",
                0,
                140,
                9,
                9,
                0,
                "semaphore",
                0,
                84,
                5,
                5,
                0
            ],
            "nRouts": 33
        },
        "fc1_to_fc2_top_with_file": {
            "nMops": 337,
            "start_perf": [
                0.22221016883850098,
                0.158633,
                0.048308999999999998,
                256236,
                257784,
                1773038197.3182211,
                25535466732090
            ],
            "child_modules": {
                "fc1_relu_requantize_with_file": 1,
                "fc2_core_with_file": 1
            },
            "Compiled": "Yes",
            "nQuads": 201,
            "Compiled Times": 6,
            "end_perf": [
                0.22382712364196777,
                0.159937,
                0.048620999999999998,
                256236,
                257784,
                25535471116974,
                38654705665,
                0
            ],
            "nRouts": 43
        },
        "fc2_core_with_file": {
            "nMops": 1086,
            "start_perf": [
                0.2201530933380127,
                0.15657599999999999,
                0.048308999999999998,
                256236,
                257784,
                1773038197.316164,
                25535461203166
            ],
            "child_modules": {
                "fc2_weight_bank": 1,
                "fc2_bias_bank": 1
            },
            "Compiled": "Yes",
            "nQuads": 240,
            "Compiled Times": 6,
            "end_perf": [
                0.22216415405273438,
                0.158585,
                0.048308999999999998,
                256236,
                257784,
                25535466660748,
                34359738369,
                0
            ],
            "nRouts": 31
        },
        "fc1_ob_engine_shared_input_0000": {
            "nMops": 2529,
            "start_perf": [
                0.23118996620178223,
                0.167023,
                0.048898999999999998,
                256236,
                257784,
                1773038197.3272009,
                25535490866746
            ],
            "child_modules": {
                "psum_accum": 1,
                "fc1_bias_bank": 1,
                "cim_tile": 1,
                "fc1_weight_bank": 1
            },
            "Compiled": "Yes",
            "nQuads": 639,
            "Compiled Times": 6,
            "end_perf": [
                0.23343706130981445,
                0.169269,
                0.048898999999999998,
                256236,
                257784,
                25535496928428,
                68719476737,
                0
            ],
            "nRouts": 46
        },
        "fc1_relu_requantize_with_file": {
            "nMops": 741,
            "start_perf": [
                0.20752096176147461,
                0.147729,
                0.044523,
                256236,
                257784,
                1773038197.3035319,
                25535427240888
            ],
            "child_modules": {},