{
  "network": "784 -> 128 -> 10",
  "weight_layout": {
    "fc1": "row-major [out][in] = [128][784]",
    "fc2": "row-major [out][in] = [10][128]"
  },
  "input_layout": "[784]",
  "hidden_layout": "[128]",
  "output_layout": "[10]",
  "qparams": {
    "input": {
      "scale": 0.00392156862745098,
      "zero_point": -128,
      "dtype": "int8"
    },
    "fc1": {
      "weight_scale": 0.006593199226799912,
      "weight_zero_point": 0,
      "bias_scale": 2.5855683242352597e-05,
      "output_scale": 0.08646334250142255,
      "output_zero_point": 0,
      "real_multiplier": 0.0002990363603156702,
      "multiplier_q31": 1315175821,
      "shift": 42
    },
    "fc2": {
      "weight_scale": 0.007725792606984537,
      "weight_zero_point": 0,
      "bias_scale": 0.0006679978522726623,
      "output_scale": 0.2526001517228254,
      "output_zero_point": 0,
      "real_multiplier": 0.0026444871379398337,
      "multiplier_q31": 1453822179,
      "shift": 39
    }
  }
}