{
    "rlimit": {
        "data": -1,
        "stack": -1
    },
    "cycles_program_begin": 9391455368479,
    "PEModules": [],
    "perf": [
        {
            "stat": [
                "main",
                "entry",
                0.012655019760131836,
                0.025793,
                0.020362999999999999,
                216440,
                216440,
                0.0,
                0.0,
                1772895854.132544,
                9391455560325
            ],
            "sub": [
                {
                    "stat": [
                        "doParsingAndDesignResolution",
                        "entry",
                        0.019681930541992188,
                        0.028486000000000001,
                        0.023307000000000001,
                        240256,
                        241056,
                        0.0,
                        0.0,
                        1772895854.139571,
                        9391474411291
                    ],
                    "sub": []
                },
                {
                    "stat": [
                        "doParsingAndDesignResolution",
                        "exit",
                        0.026306867599487305,
                        0.029856000000000001,
                        0.028558,
                        241356,
                        242004,
                        0.0,
                        0.0,
                        1772895854.1461959,
                        9391492214439
                    ],
                    "sub": []
                },
                {
                    "stat": [
                        "doPostDesignResolutionToVir2Vcs",
                        "entry",
                        0.02696990966796875,
                        0.030195,
                        0.028882000000000001,
                        241524,
                        242004,
                        0.0,
                        0.0,
                        1772895854.1468589,
                        9391493977185
                    ],
                    "sub": [
                        {
                            "stat": [
                                "doUptoVir2VcsNoSepCleanup",
                                "entry",
                                0.031071901321411133,
                                0.033451000000000002,
                                0.029724,
                                242524,
                                246624,
                                0.0,
                                0.0,
                                1772895854.1509609,
                                9391505006607
                            ],
                            "sub": []
                        },
                        {
                            "stat": [
                                "doUptoVir2VcsNoSepCleanup",
                                "exit",
                                0.080664873123168945,
                                0.054289999999999998,
                                0.034426999999999999,
                                256896,
                                256904,
                                0.0090830000000000008,
                                0.0069950000000000003,
                                1772895854.2005539,
                                9391638280726
                            ],
                            "sub": []
                        },
                        {
                            "stat": [
                                "doRadify_vir2vcsAll",
                                "entry",
                                0.08074188232421875,
                                0.054337999999999997,
                                0.034458000000000003,
                                256896,
                                256904,
                                0.0090830000000000008,
                                0.0069950000000000003,
                                1772895854.2006309,
                                9391638459932
                            ],
                            "sub": []
                        },
                        {
                            "stat": [
                                "doRadify_vir2vcsAll",
                                "exit",
                                0.087199926376342773,
                                0.060790999999999998,
                                0.034458000000000003,
                                256896,
                                256904,
                                0.0090830000000000008,
                                0.0069950000000000003,
                                1772895854.2070889,
                                9391655843834
                            ],
                            "sub": []
                        }
                    ]
                },
                {
                    "stat": [
                        "doPostDesignResolutionToVir2Vcs",
                        "exit",
                        0.087251901626586914,
                        0.060843000000000001,
                        0.034458000000000003,
                        256896,
                        256904,
                        0.0090830000000000008,
                        0.0069950000000000003,
                        1772895854.2071409,
                        9391655946980
                    ],
                    "sub": []
                },
                {
                    "stat": [
                        "doGAToPass2",
                        "entry",
                        0.087285995483398438,
                        0.060878000000000002,
                        0.034458000000000003,
                        256896,
                        256904,
                        0.0090830000000000008,
                        0.0069950000000000003,
                        1772895854.207175,
                        9391656113534
                    ],
                    "sub": [
                        {
                            "stat": [
                                "DoPass2",
                                "entry",
                                0.19408202171325684,
                                0.060886000000000003,
                                0.037567999999999997,
                                255340,
                                256904,
                                0.024551,
                                0.029825000000000001,
                                1772895854.313971,
                                9391943102828
                            ],
                            "sub": []
                        },
                        {
                            "stat": [
                                "DoPass2",
                                "exit",
                                0.31753396987915039,
                                0.126661,
                                0.053692999999999998,
                                257324,
                                257352,
                                0.025864999999999999,
                                0.032453999999999997,
                                1772895854.437423,
                                9392274640534
                            ],
                            "sub": []
                        }
                    ]
                },
                {
                    "stat": [
                        "doGAToPass2",
                        "exit",
                        0.32076907157897949,
                        0.12836700000000001,
                        0.055211000000000003,
                        257324,
                        257352,
                        0.025864999999999999,
                        0.032453999999999997,
                        1772895854.4406581,
                        9392283338552
                    ],