{
    "cycles_program_begin": 1614344869083,
    "stat": {
        "ru_self_cgstart": {
            "ru_nvcsw": 27,
            "ru_maxrss_kb": 72340,
            "ru_utime_sec": 0.105389,
            "ru_stime_sec": 0.047509999999999997,
            "ru_nivcsw": 5,
            "ru_majflt": 0,
            "ru_minflt": 25220
        },
        "peak_mem_kb": 256172,
        "ru_childs_cgstart": {
            "ru_nvcsw": 25,
            "ru_maxrss_kb": 21864,
            "ru_utime_sec": 0.018495999999999999,
            "ru_stime_sec": 0.018773999999999999,
            "ru_nivcsw": 22,
            "ru_majflt": 0,
            "ru_minflt": 10695
        },
        "cpu_cycles_end": 1614856976035,
        "outputSizePerQuad": 194.56842105263158,
        "Frontend(%)": 71.981801912774685,
        "ru_childs_end": {
            "ru_nvcsw": 26,
            "ru_maxrss_kb": 22260,
            "ru_utime_sec": 0.018495999999999999,
            "ru_stime_sec": 0.020924999999999999,
            "ru_nivcsw": 24,
            "ru_majflt": 0,
            "ru_minflt": 11294
        },
        "cpu_cycles_cgstart": 1614719766501,
        "nMops": 2669,
        "nQuads": 1045,
        "CodeGen(%)": 28.018198087225311,
        "totalObjSize": 203324,
        "ru_self_end": {
            "ru_nvcsw": 28,
            "ru_maxrss_kb": 82956,
            "ru_utime_sec": 0.15361,
            "ru_stime_sec": 0.047916,
            "ru_nivcsw": 7,
            "ru_majflt": 0,
            "ru_minflt": 28937
        },
        "mop/quad": 2.554066985645933,
        "mopSpeed": 55349.329130461847,
        "quadSpeed": 21671.05617884325,
        "cpu_cycles_total": 512106952,
        "realTime": 0.21237301826477051
    },
    "perf": [
        {
            "stat": [
                "main",
                "entry",
                0.021784067153930664,
                0.020220999999999999,
                0.033702000000000003,
                216436,
                216436,
                0.0,
                0.0,
                1772938177.8646791,
                1614345190881
            ],
            "sub": [
                {
                    "stat": [
                        "doParsingAndDesignResolution",
                        "entry",
                        0.030963897705078125,
                        0.022234,
                        0.03891,
                        240252,
                        241052,
                        0.0,
                        0.0,
                        1772938177.8738589,
                        1614369763493
                    ],
                    "sub": []
                },
                {
                    "stat": [
                        "doParsingAndDesignResolution",
                        "exit",
                        0.040152072906494141,
                        0.025572999999999999,
                        0.044754000000000002,
                        241184,
                        241832,
                        0.0,
                        0.0,
                        1772938177.8830471,
                        1614394479189
                    ],
                    "sub": []
                },
                {
                    "stat": [
                        "doPostDesignResolutionToVir2Vcs",
                        "entry",
                        0.040986061096191406,
                        0.025877000000000001,
                        0.045283999999999998,
                        241320,
                        241832,
                        0.0,
                        0.0,
                        1772938177.8838811,
                        1614396681005
                    ],
                    "sub": [
                        {
                            "stat": [
                                "doUptoVir2VcsNoSepCleanup",
                                "entry",
                                0.0464019775390625,
                                0.029064,
                                0.047509999999999997,
                                242424,
                                242428,
                                0.0,
                                0.0,
                                1772938177.889297,
                                1614411237089
                            ],
                            "sub": []
                        },
                        {
                            "stat": [
                                "doUptoVir2VcsNoSepCleanup",
                                "exit",
                                0.12947201728820801,
                                0.098416000000000003,
                                0.047509999999999997,
                                242952,
                                256172,
                                0.0074949999999999999,
                                0.0052509999999999996,
                                1772938177.972367,
                                1614634446983
                            ],
                            "sub": []
                        },
                        {
                            "stat": [
                                "doRadify_vir2vcsAll",
                                "entry",
                                0.12955093383789062,
                                0.098496,
                                0.047509999999999997,
                                242952,
                                256172,
                                0.0074949999999999999,
                                0.0052509999999999996,
                                1772938177.972446,
                                1614634613263
                            ],
                            "sub": []
                        },
                        {
                            "stat": [
                                "doRadify_vir2vcsAll",
                                "exit",
                                0.1341710090637207,
                                0.103112,
                                0.047509999999999997,
                                244832,
                                256172,
                                0.0074949999999999999,
                                0.0052509999999999996,
                                1772938177.977066,
                                1614647065541
                            ],
                            "sub": []
                        }
                    ]
                },
                {
                    "stat": [
                        "doPostDesignResolutionToVir2Vcs",
                        "exit",
                        0.13422298431396484,
                        0.10316599999999999,
                        0.047509999999999997,
                        244832,
                        256172,
                        0.0074949999999999999,
                        0.0052509999999999996,
                        1772938177.977118,
                        1614647159739
                    ],
                    "sub": []
                },
                {
                    "stat": [
                        "doGAToPass2",
                        "entry",
                        0.13425207138061523,
                        0.103195,
                        0.047509999999999997,
                        244832,
                        256172,
                        0.0074949999999999999,
                        0.0052509999999999996,
                        1772938177.9771471,
                        1614647221821
                    ],