{
    "cycles_program_begin": 19403876827688,
    "stat": {
        "ru_self_cgstart": {
            "ru_maxrss_kb": 71896,
            "ru_utime_sec": 0.051233000000000001,
            "ru_nivcsw": 4,
            "ru_stime_sec": 0.046303999999999998,
            "ru_minflt": 24837,
            "ru_nvcsw": 27,
            "ru_majflt": 0
        },
        "ru_childs_end": {
            "ru_maxrss_kb": 21912,
            "ru_utime_sec": 0.014274,
            "ru_nivcsw": 24,
            "ru_stime_sec": 0.019174,
            "ru_minflt": 11294,
            "ru_nvcsw": 26,
            "ru_majflt": 0
        },
        "ru_childs_cgstart": {
            "ru_maxrss_kb": 21512,
            "ru_utime_sec": 0.014274,
            "ru_nivcsw": 22,
            "ru_stime_sec": 0.016961,
            "ru_minflt": 10695,
            "ru_nvcsw": 25,
            "ru_majflt": 0
        },
        "cpu_cycles_cgstart": 19404112385017,
        "nMops": 1764,
        "mopSpeed": 61324.526334086564,
        "Frontend(%)": 69.487228445349629,
        "nQuads": 674,
        "totalObjSize": 159388,
        "CodeGen(%)": 30.512771554650374,
        "ru_self_end": {
            "ru_maxrss_kb": 82196,
            "ru_utime_sec": 0.079998,
            "ru_nivcsw": 6,
            "ru_stime_sec": 0.058314999999999999,
            "ru_minflt": 28471,
            "ru_nvcsw": 28,
            "ru_majflt": 0
        },
        "outputSizePerQuad": 236.48071216617211,
        "quadSpeed": 23431.253259169131,
        "cpu_cycles_end": 19404228241691,
        "cpu_cycles_total": 351414003,
        "mop/quad": 2.6172106824925816,
        "peak_mem_kb": 256100,
        "realTime": 0.14264798164367676
    },
    "perf": [
        {
            "stat": [
                "main",
                "entry",
                0.011909008026123047,
                0.026468999999999999,
                0.018325000000000001,
                216436,
                216436,
                0.0,
                0.0,
                1772867266.0951691,
                19403877016350
            ],
            "sub": [
                {
                    "stat": [
                        "doParsingAndDesignResolution",
                        "entry",
                        0.020817041397094727,
                        0.029189,
                        0.022453000000000001,
                        240248,
                        241048,
                        0.0,
                        0.0,
                        1772867266.1040771,
                        19403900968185
                    ],
                    "sub": []
                },
                {
                    "stat": [
                        "doParsingAndDesignResolution",
                        "exit",
                        0.029575824737548828,
                        0.035233,
                        0.025166000000000001,
                        240600,
                        241248,
                        0.0,
                        0.0,
                        1772867266.1128359,
                        19403924539265
                    ],
                    "sub": []
                },
                {
                    "stat": [
                        "doPostDesignResolutionToVir2Vcs",
                        "entry",
                        0.030479907989501953,
                        0.035761000000000001,
                        0.025544000000000001,
                        240756,
                        241248,
                        0.0,
                        0.0,
                        1772867266.11374,
                        19403926923789
                    ],
                    "sub": [
                        {
                            "stat": [
                                "doUptoVir2VcsNoSepCleanup",
                                "entry",
                                0.0350799560546875,
                                0.038443999999999999,
                                0.027459999999999998,
                                242176,
                                242180,
                                0.0,
                                0.0,
                                1772867266.11834,
                                19403939294811
                            ],
                            "sub": []
                        },
                        {
                            "stat": [
                                "doUptoVir2VcsNoSepCleanup",
                                "exit",
                                0.073215007781982422,
                                0.046623999999999999,
                                0.044033000000000003,
                                243112,
                                256100,
                                0.0041479999999999998,
                                0.0082439999999999996,
                                1772867266.1564751,
                                19404041838925
                            ],
                            "sub": []
                        },
                        {
                            "stat": [
                                "doRadify_vir2vcsAll",
                                "entry",
                                0.073308944702148438,
                                0.046672999999999999,
                                0.044080000000000001,
                                243112,
                                256100,
                                0.0041479999999999998,
                                0.0082439999999999996,
                                1772867266.156569,
                                19404042034393
                            ],
                            "sub": []
                        },
                        {
                            "stat": [
                                "doRadify_vir2vcsAll",
                                "exit",
                                0.077795982360839844,
                                0.048979000000000002,
                                0.046258000000000001,
                                244444,
                                256100,
                                0.0041479999999999998,
                                0.0082439999999999996,
                                1772867266.161056,
                                19404054142567
                            ],
                            "sub": []
                        }
                    ]
                },
                {
                    "stat": [
                        "doPostDesignResolutionToVir2Vcs",
                        "exit",
                        0.077852964401245117,
                        0.049009999999999998,
                        0.046287000000000002,
                        244444,
                        256100,
                        0.0041479999999999998,
                        0.0082439999999999996,
                        1772867266.161113,
                        19404054242355
                    ],
                    "sub": []
                },
                {
                    "stat": [
                        "doGAToPass2",
                        "entry",
                        0.077888011932373047,
                        0.049028000000000002,
                        0.046303999999999998,
                        244444,
                        256100,
                        0.0041479999999999998,
                        0.0082439999999999996,
                        1772867266.1611481,
                        19404054330069
                    ],