{
    "ObjArchives": [
        {
            "archive": "archive.11/_6347_archive_1.a",
            "objects": [
                [
                    "g6Ly0_d.o",
                    32350
                ],
                [
                    "Bg6nL_d.o",
                    14546
                ],
                [
                    "haFpn_d.o",
                    27132
                ],
                [
                    "amcQwB.o",
                    123092
                ]
            ],
            "size": 197120
        }
    ],
    "Modules": {
        "...MASTER...": {
            "end_perf": [
                0.1629488468170166,
                0.093010999999999996,
                0.058667999999999998,
                256356,
                256940,
                43045902609779,
                0,
                0
            ],
            "start_perf": [
                0.15397191047668457,
                0.090596999999999997,
                0.056084000000000002,
                255364,
                256940,
                1772876061.483835,
                43045878438415
            ],
            "child_modules": {
                "fc1_bias_bank": 1,
                "std": 1,
                "mnist_cim_pkg": 1,
                "tb_fc1_cim_core_block": 1
            },
            "nRouts": 8,
            "nMops": 5,
            "nQuads": 5
        },
        "input_buffer": {
            "end_perf": [
                0.17019391059875488,
                0.097928000000000001,
                0.060975000000000001,
                256368,
                256940,
                43045922093615,
                17179869185,
                0
            ],
            "start_perf": [
                0.16725301742553711,
                0.095007999999999995,
                0.060975000000000001,
                256368,
                256940,
                1772876061.4971161,
                43045914124933
            ],
            "child_modules": {},
            "Compiled": "Yes",
            "nRouts": 24,
            "nMops": 467,
            "nQuads": 187,
            "Compiled Times": 3
        },
        "std": {
            "end_perf": [
                0.16658592224121094,
                0.094601000000000005,
                0.060713999999999997,
                256368,
                256940,
                43045912362989,
                8589934594,
                0
            ],
            "start_perf": [
                0.1630408763885498,
                0.093066999999999997,
                0.058703999999999999,
                256356,
                256940,
                1772876061.4929039,
                43045902816371
            ],
            "child_modules": {},
            "Compiled": "Yes",
            "nQuads": 218,
            "nMops": 528,
            "nRouts": 33,
            "Compiled Times": 12,
            "svclass": [
                "$vcs_nba_dyn_obj",
                0,
                35,
                2,
                2,
                0,
                "sigprop$$",
                0,
                35,
                2,
                2,
                0,
                "process",
                0,
                200,
                8,
                8,
                0,
                "event",
                0,
                34,
                2,
                2,
                0,
                "mailbox",
                0,
                140,
                9,
                9,
                0,
                "semaphore",
                0,
                84,
                5,
                5,
                0
            ]
        },
        "fc1_cim_core_block_0000": {
            "end_perf": [
                0.19087886810302734,
                0.115549,
                0.064038999999999999,
                257344,
                257348,
                43045977723175,
                34359738369,
                0
            ],
            "start_perf": [
                0.17842984199523926,
                0.106165,
                0.060975000000000001,
                256368,
                256940,
                1772876061.5082929,
                43045944194713
            ],
            "child_modules": {
                "psum_accum": 1,
                "cim_tile": 1,
                "input_buffer": 1,
                "fc1_weight_bank": 1
            },
            "Compiled": "Yes",
            "nQuads": 560,
            "nMops": 1258,
            "nRouts": 60,
            "Compiled Times": 3,
            "significant_routs": [
                [
                    15,
                    "R_VCSgd_g6Ly0_f",
                    3042364,
                    2250,
                    186
                ],
                [
                    33,
                    "R_VCSgd_g6Ly0_21",
                    4596162,
                    3729,
                    560
                ]
            ]
        },
        "mnist_cim_pkg": {
            "end_perf": [
                0.16721892356872559,
                0.094987000000000002,
                0.060962000000000002,
                256368,
                256940,
                43045914053883,
                12884901889,
                0
            ],
            "start_perf": [
                0.16663384437561035,
                0.094631000000000007,
                0.060733000000000002,
                256368,
                256940,
                1772876061.4964969,
                43045912471141
            ],
            "child_modules": {},
            "Compiled": "Yes",
            "nRouts": 5,
            "nMops": 0,
            "nQuads": 0,
            "Compiled Times": 12
        },
        "psum_accum": {
            "end_perf": [
                0.17836689949035645,
                0.1061,
                0.060975000000000001,
                256368,
                256940,
                43045944084409,
                30064771073,
                0
            ],
            "start_perf": [
                0.17426490783691406,
                0.10200099999999999,
                0.060975000000000001,
                256368,
                256940,
                1772876061.504128,
                43045932975011
            ],
            "child_modules": {},
            "Compiled": "Yes",
            "nRouts": 31,
            "nMops": 688,
            "nQuads": 337,
            "Compiled Times": 4
        },
        "fc1_weight_bank": {
            "end_perf": [
                0.17236685752868652,
                0.100101,
                0.060975000000000001,
                256368,
                256940,
                43045927995079,
                21474836481,
                0
            ],
            "start_perf": [
                0.17024588584899902,
                0.097980999999999999,
                0.060975000000000001,
                256368,
                256940,
                1772876061.500109,
                43045922171217
            ],
            "child_modules": {},
            "Compiled": "Yes",
            "nRouts": 27,
            "nMops": 499,
            "nQuads": 207,
            "Compiled Times": 3
        },
        "fc1_bias_bank": {
            "end_perf": [
                0.19585895538330078,
                0.11931600000000001,
                0.065207000000000001,
                257344,
                257368,
                43045991085581,
                38654705665,
                0
            ],
            "start_perf": [
                0.19094991683959961,
                0.115595,
                0.064063999999999996,
                257344,
                257348,
                1772876061.520813,
                43045977834687
            ],
            "child_modules": {},
            "Compiled": "Yes",
            "nQuads": 133,
            "nMops": 279,
            "nRouts": 21,