{
    "Modules": {
        "mnist_inference_top": {
            "end_perf": [
                0.2105710506439209,
                0.14184099999999999,
                0.055659,
                256088,
                257636,
                5496438168074,
                73014444033,
                0
            ],
            "start_perf": [
                0.20988106727600098,
                0.14184099999999999,
                0.054969999999999998,
                256088,
                257636,
                1772939622.817364,
                5496436285714
            ],
            "Compiled": "Yes",
            "child_modules": {
                "argmax_int8": 1,
                "fc1_to_fc2_top": 1,
                "fc1_multi_block_shared_input_0000": 1
            },
            "nQuads": 62,
            "Compiled Times": 2,
            "nMops": 105,
            "nRouts": 27
        },
        "...MASTER...": {
            "end_perf": [
                0.1803131103515625,
                0.120433,
                0.046823999999999998,
                256072,
                257636,
                5496356883168,
                0,
                0
            ],
            "start_perf": [
                0.17567014694213867,
                0.118696,
                0.046823999999999998,
                256060,
                257636,
                1772939622.7831531,
                5496344378660
            ],
            "child_modules": {
                "std": 1,
                "mnist_cim_pkg": 1,
                "tb_mnist_inference_top": 1
            },
            "nQuads": 0,
            "nMops": 0,
            "nRouts": 5
        },
        "fc1_weight_bank": {
            "end_perf": [
                0.18555498123168945,
                0.12117600000000001,
                0.051320999999999999,
                256088,
                257636,
                5496370952634,
                21474836481,
                0
            ],
            "start_perf": [
                0.18433117866516113,
                0.12080399999999999,
                0.050470000000000001,
                256088,
                257636,
                1772939622.7918141,
                5496367639746
            ],
            "Compiled": "Yes",
            "child_modules": {},
            "nQuads": 207,
            "Compiled Times": 2,
            "nMops": 499,
            "nRouts": 27
        },
        "std": {
            "start_perf": [
                0.18037819862365723,
                0.12049799999999999,
                0.046823999999999998,
                256072,
                257636,
                1772939622.7878611,
                5496357019106
            ],
            "end_perf": [
                0.18236804008483887,
                0.120527,
                0.048784000000000001,
                256088,
                257636,
                5496362400192,
                8589934594,
                0
            ],
            "Compiled": "Yes",
            "child_modules": {},
            "Compiled Times": 25,
            "nQuads": 218,
            "svclass": [
                "$vcs_nba_dyn_obj",
                0,
                35,
                2,
                2,
                0,
                "sigprop$$",
                0,
                35,
                2,
                2,
                0,
                "process",
                0,
                200,
                8,
                8,
                0,
                "event",
                0,
                34,
                2,
                2,
                0,
                "mailbox",
                0,
                140,
                9,
                9,
                0,
                "semaphore",
                0,
                84,
                5,
                5,
                0
            ],
            "nMops": 528,
            "nRouts": 33
        },
        "input_buffer": {
            "end_perf": [
                0.18430113792419434,
                0.12080399999999999,
                0.050439999999999999,
                256088,
                257636,
                5496367587146,
                17179869185,
                0
            ],
            "start_perf": [
                0.18275713920593262,
                0.12080399999999999,
                0.048897000000000003,
                256088,
                257636,
                1772939622.79024,
                5496363410114
            ],
            "Compiled": "Yes",
            "child_modules": {},
            "nQuads": 187,
            "Compiled Times": 2,
            "nMops": 467,
            "nRouts": 24
        },
        "psum_accum": {
            "end_perf": [
                0.18916416168212891,
                0.122142,
                0.053962000000000003,
                256088,
                257636,
                5496380659430,
                34359738369,
                0
            ],
            "start_perf": [
                0.18750905990600586,
                0.122142,
                0.052309000000000001,
                256088,
                257636,
                1772939622.794992,
                5496376181478
            ],
            "Compiled": "Yes",
            "child_modules": {},
            "nQuads": 337,
            "Compiled Times": 2,
            "nMops": 688,
            "nRouts": 31
        },
        "mnist_cim_pkg": {
            "end_perf": [
                0.18273210525512695,
                0.120786,
                0.048889000000000002,
                256088,
                257636,
                5496363360468,
                12884901889,
                0
            ],
            "start_perf": [
                0.18240618705749512,
                0.120555,
                0.048795999999999999,
                256088,
                257636,
                1772939622.7898891,
                5496362477162
            ],
            "Compiled": "Yes",
            "child_modules": {},
            "nQuads": 0,
            "Compiled Times": 25,
            "nMops": 0,
            "nRouts": 5
        },
        "fc2_weight_bank": {
            "end_perf": [
                0.20603108406066895,
                0.13843,
                0.054532999999999998,
                256088,
                257636,
                5496425965630,
                51539607553,
                0
            ],
            "start_perf": [
                0.20488500595092773,
                0.137602,
                0.054216,
                256088,
                257636,
                1772939622.8123679,
                5496422862436
            ],
            "Compiled": "Yes",
            "child_modules": {},
            "nQuads": 144,
            "Compiled Times": 4,
            "nMops": 301,
            "nRouts": 21
        },
        "argmax_int8": {
            "end_perf": [
                0.20985317230224609,
                0.14181299999999999,
                0.054969999999999998,
                256088,
                257636,
                5496436231476,
                68719476737,
                0
            ],
            "start_perf": [
                0.20898914337158203,
                0.14094999999999999,
                0.054969999999999998,
                256088,
                257636,
                1772939622.8164721,
                5496433896638
            ],
            "Compiled": "Yes",
            "child_modules": {},
            "nQuads": 112,
            "Compiled Times": 2,
            "nMops": 269,
            "nRouts": 18
        },
        "fc1_bias_bank": {
            "end_perf": [
                0.18650197982788086,
                0.122114,
                0.051330000000000001,
                256088,
                257636,
                5496373494996,
                25769803777,
                0
            ],