{
    "Modules": {
        "...MASTER...": {
            "end_perf": [
                0.15374302864074707,
                0.10688400000000001,
                0.043013999999999997,
                256652,
                257228,
                18315770159200,
                0,
                0
            ],
            "start_perf": [
                0.14734196662902832,
                0.104975,
                0.040676999999999998,
                255664,
                257228,
                1772899174.4537179,
                18315752897550
            ],
            "child_modules": {
                "std": 1,
                "tb_fc1_multi_block_shared_input": 1,
                "mnist_cim_pkg": 1
            },
            "nQuads": 0,
            "nMops": 0,
            "nRouts": 5
        },
        "std": {
            "start_perf": [
                0.15388703346252441,
                0.106987,
                0.043055000000000003,
                256652,
                257228,
                1772899174.460263,
                18315770512416
            ],
            "end_perf": [
                0.15810203552246094,
                0.11120099999999999,
                0.043055000000000003,
                256676,
                257228,
                18315781843022,
                8589934594,
                0
            ],
            "child_modules": {},
            "nMops": 528,
            "Compiled": "Yes",
            "Compiled Times": 18,
            "svclass": [
                "$vcs_nba_dyn_obj",
                0,
                35,
                2,
                2,
                0,
                "sigprop$$",
                0,
                35,
                2,
                2,
                0,
                "process",
                0,
                200,
                8,
                8,
                0,
                "event",
                0,
                34,
                2,
                2,
                0,
                "mailbox",
                0,
                140,
                9,
                9,
                0,
                "semaphore",
                0,
                84,
                5,
                5,
                0
            ],
            "nQuads": 218,
            "nRouts": 33
        },
        "mnist_cim_pkg": {
            "end_perf": [
                0.15997505187988281,
                0.11189300000000001,
                0.044235999999999998,
                257652,
                257656,
                18315786881472,
                12884901889,
                0
            ],
            "start_perf": [
                0.15815210342407227,
                0.111252,
                0.043055000000000003,
                256676,
                257228,
                1772899174.4645281,
                18315781953760
            ],
            "child_modules": {},
            "nMops": 0,
            "Compiled": "Yes",
            "Compiled Times": 18,
            "nQuads": 0,
            "nRouts": 5
        },
        "fc1_weight_bank": {
            "start_perf": [
                0.16735410690307617,
                0.116412,
                0.047087999999999998,
                257652,
                257676,
                1772899174.4737301,
                18315806702804
            ],
            "end_perf": [
                0.1742861270904541,
                0.12184499999999999,
                0.048475999999999998,
                257652,
                257676,
                18315825390560,
                21474836481,
                0
            ],
            "child_modules": {},
            "nMops": 998,
            "Compiled": "Yes",
            "significant_routs": [
                [
                    7,
                    "R_VCSgd_rE4Cd_7",
                    2975230,
                    2276,
                    249
                ]
            ],
            "Compiled Times": 5,
            "nQuads": 414,
            "nRouts": 27
        },
        "cim_tile": {
            "start_perf": [
                0.17986607551574707,
                0.12595000000000001,
                0.049951000000000002,
                257652,
                257676,
                1772899174.4862421,
                18315840321828
            ],
            "end_perf": [
                0.18560910224914551,
                0.128609,
                0.053033999999999998,
                257652,
                257676,
                18315855859976,
                30064771073,
                0
            ],
            "child_modules": {},
            "nMops": 726,
            "Compiled": "Yes",
            "significant_routs": [
                [
                    3,
                    "R_VCSgd_Nb8n4_3",
                    3184042,
                    1862,
                    214
                ]
            ],
            "Compiled Times": 9,
            "nQuads": 286,
            "nRouts": 21
        },
        "fc1_bias_bank": {
            "start_perf": [
                0.17435097694396973,
                0.121892,
                0.048495000000000003,
                257652,
                257676,
                1772899174.480727,
                18315825502536
            ],
            "end_perf": [
                0.17976999282836914,
                0.12595000000000001,
                0.049854999999999997,
                257652,
                257676,
                18315840212916,
                25769803777,
                0
            ],
            "child_modules": {},
            "nMops": 558,
            "Compiled": "Yes",
            "significant_routs": [
                [
                    6,
                    "R_VCSgd_Bg6nL_6",
                    1720662,
                    1142,
                    127
                ]
            ],
            "Compiled Times": 5,
            "nQuads": 266,
            "nRouts": 21
        },
        "psum_accum": {
            "start_perf": [
                0.18568611145019531,
                0.128664,
                0.053057,
                257652,
                257676,
                1772899174.4920621,
                18315855967976
            ],
            "end_perf": [
                0.19468498229980469,
                0.13641800000000001,
                0.054302000000000003,
                257652,
                257676,
                18315880221034,
                34359738369,
                0
            ],
            "child_modules": {},
            "nMops": 1376,
            "Compiled": "Yes",
            "significant_routs": [
                [
                    18,
                    "R_VCSgd_Zw2Gu_12",
                    2299182,
                    1660,
                    186
                ],
                [
                    20,
                    "R_VCSgd_Zw2Gu_14",
                    1853398,
                    1238,
                    141
                ]
            ],
            "Compiled Times": 5,
            "nQuads": 674,
            "nRouts": 31
        },
        "fc1_ob_engine_shared_input_0000": {
            "start_perf": [
                0.19474601745605469,
                0.136462,
                0.05432,
                257652,
                257676,
                1772899174.501122,
                18315880330430
            ],
            "end_perf": [
                0.20705604553222656,
                0.14796599999999999,
                0.054996000000000003,
                257652,
                257676,
                18315913463296,
                38654705665,
                0
            ],
            "child_modules": {
                "psum_accum": 1,
                "fc1_bias_bank": 1,
                "fc1_weight_bank": 1,
                "cim_tile": 1
            },
            "nMops": 2529,
            "Compiled": "Yes",