{
    "ObjArchives": [
        {
            "size": 276540,
            "archive": "archive.13/_9890_archive_1.a",
            "objects": [
                [
                    "pbTwn_d.o",
                    16570
                ],
                [
                    "rE4Cd_d.o",
                    17396
                ],
                [
                    "Nb8n4_d.o",
                    12432
                ],
                [
                    "Zw2Gu_d.o",
                    15622
                ],
                [
                    "g6Ly0_d.o",
                    49422
                ],
                [
                    "Bg6nL_d.o",
                    14570
                ],
                [
                    "haFpn_d.o",
                    27132
                ],
                [
                    "amcQwB.o",
                    123396
                ]
            ]
        }
    ],
    "Modules": {
        "...MASTER...": {
            "end_perf": [
                0.11315178871154785,
                0.063977999999999993,
                0.046123999999999998,
                256376,
                256960,
                46466408089066,
                0,
                0
            ],
            "start_perf": [
                0.10842585563659668,
                0.061891000000000002,
                0.045680999999999999,
                255384,
                256960,
                1772877333.997752,
                46466395349568
            ],
            "nRouts": 5,
            "child_modules": {
                "std": 1,
                "mnist_cim_pkg": 1,
                "tb_fc1_cim_core_block": 1
            },
            "nMops": 0,
            "nQuads": 0
        },
        "mnist_cim_pkg": {
            "end_perf": [
                0.11602592468261719,
                0.065407000000000007,
                0.047569,
                256396,
                256960,
                46466415795084,
                12884901889,
                0
            ],
            "start_perf": [
                0.11564779281616211,
                0.065187999999999996,
                0.047410000000000001,
                256396,
                256960,
                1772877334.0049739,
                46466414759766
            ],
            "nRouts": 5,
            "child_modules": {},
            "Compiled": "Yes",
            "Compiled Times": 14,
            "nMops": 0,
            "nQuads": 0
        },
        "cim_tile": {
            "end_perf": [
                0.12638187408447266,
                0.074737999999999999,
                0.048585000000000003,
                257372,
                257396,
                46466443648002,
                25769803777,
                0
            ],
            "start_perf": [
                0.12299394607543945,
                0.071359000000000006,
                0.048585000000000003,
                257372,
                257396,
                1772877334.01232,
                46466434507642
            ],
            "child_modules": {},
            "Compiled": "Yes",
            "Compiled Times": 5,
            "nQuads": 286,
            "nMops": 726,
            "significant_routs": [
                [
                    3,
                    "R_VCSgd_Nb8n4_3",
                    1786994,
                    1862,
                    214
                ]
            ],
            "nRouts": 21
        },
        "std": {
            "end_perf": [
                0.11561393737792969,
                0.065169000000000005,
                0.047395,
                256396,
                256960,
                46466414690930,
                8589934594,
                0
            ],
            "start_perf": [
                0.11321187019348145,
                0.064014000000000001,
                0.046149000000000003,
                256376,
                256960,
                1772877334.002538,
                46466408214438
            ],
            "child_modules": {},
            "Compiled": "Yes",
            "svclass": [
                "$vcs_nba_dyn_obj",
                0,
                35,
                2,
                2,
                0,
                "sigprop$$",
                0,
                35,
                2,
                2,
                0,
                "process",
                0,
                200,
                8,
                8,
                0,
                "event",
                0,
                34,
                2,
                2,
                0,
                "mailbox",
                0,
                140,
                9,
                9,
                0,
                "semaphore",
                0,
                84,
                5,
                5,
                0
            ],
            "Compiled Times": 14,
            "nQuads": 218,
            "nMops": 528,
            "nRouts": 33
        },
        "input_buffer": {
            "end_perf": [
                0.11985397338867188,
                0.068884000000000001,
                0.047919000000000003,
                257372,
                257376,
                46466426094652,
                17179869185,
                0
            ],
            "start_perf": [
                0.11605286598205566,
                0.065422999999999995,
                0.047579999999999997,
                256396,
                256960,
                1772877334.005379,
                46466415850686
            ],
            "child_modules": {},
            "Compiled": "Yes",
            "Compiled Times": 1,
            "nQuads": 187,
            "nMops": 467,
            "significant_routs": [
                [
                    6,
                    "R_VCSgd_pbTwn_6",
                    2661828,
                    2472,
                    290
                ]
            ],
            "nRouts": 24
        },
        "fc1_bias_bank": {
            "end_perf": [
                0.14454078674316406,
                0.092204999999999995,
                0.049163999999999999,
                257372,
                257396,
                46466492543006,
                38654705665,
                0
            ],
            "start_perf": [
                0.14161300659179688,
                0.089389999999999997,
                0.049163999999999999,
                257372,
                257396,
                1772877334.0309391,
                46466484556818
            ],
            "child_modules": {},
            "Compiled": "Yes",
            "Compiled Times": 1,
            "nQuads": 133,
            "nMops": 279,
            "significant_routs": [
                [
                    6,
                    "R_VCSgd_Bg6nL_6",
                    1243042,
                    1142,
                    127
                ]
            ],
            "nRouts": 21
        },
        "fc1_weight_bank": {
            "end_perf": [
                0.12295699119567871,
                0.071336999999999998,
                0.048570000000000002,
                257372,
                257396,
                46466434448190,
                21474836481,
                0
            ],
            "start_perf": [
                0.11988496780395508,
                0.068903000000000006,
                0.047933000000000003,
                257372,
                257376,
                1772877334.0092111,
                46466426153030
            ],
            "child_modules": {},
            "Compiled": "Yes",
            "Compiled Times": 1,
            "nQuads": 207,
            "nMops": 499,
            "significant_routs": [
                [
                    7,
                    "R_VCSgd_rE4Cd_7",
                    1835156,
                    2276,
                    249
                ]
            ],
            "nRouts": 27
        },