{
    "Modules": {
        "...MASTER...": {
            "start_perf": [
                0.081574201583862305,
                0.027486,
                0.036172999999999997,
                243112,
                255848,
                1772867607.7506001,
                20322246614670
            ],
            "child_modules": {
                "std": 1,
                "tb_psum_accum": 1,
                "mnist_cim_pkg": 1
            },
            "nQuads": 0,
            "end_perf": [
                0.086837053298950195,
                0.028605999999999999,
                0.037546000000000003,
                245636,
                255848,
                20322260800910,
                0,
                0
            ],
            "nRouts": 5,
            "nMops": 0
        },
        "psum_accum": {
            "start_perf": [
                0.089509010314941406,
                0.031247,
                0.037579000000000001,
                246108,
                255848,
                1772867607.7585349,
                20322267946192
            ],
            "child_modules": {},
            "Compiled": "Yes",
            "Compiled Times": 1,
            "significant_routs": [
                [
                    18,
                    "R_VCSgd_Zw2Gu_12",
                    1708742,
                    1660,
                    186
                ],
                [
                    20,
                    "R_VCSgd_Zw2Gu_14",
                    1094916,
                    1238,
                    141
                ]
            ],
            "end_perf": [
                0.11312317848205566,
                0.036609999999999997,
                0.037579000000000001,
                250572,
                255848,
                20322331468392,
                17179869185,
                0
            ],
            "nQuads": 337,
            "nMops": 688,
            "nRouts": 31
        },
        "std": {
            "start_perf": [
                0.086894035339355469,
                0.028631,
                0.037579000000000001,
                245636,
                255848,
                1772867607.7559199,
                20322260915498
            ],
            "child_modules": {},
            "Compiled": "Yes",
            "Compiled Times": 9,
            "end_perf": [
                0.089087009429931641,
                0.030823,
                0.037579000000000001,
                245816,
                255848,
                20322266831026,
                8589934594,
                0
            ],
            "nQuads": 218,
            "svclass": [
                "$vcs_nba_dyn_obj",
                0,
                35,
                2,
                2,
                0,
                "sigprop$$",
                0,
                35,
                2,
                2,
                0,
                "process",
                0,
                200,
                8,
                8,
                0,
                "event",
                0,
                34,
                2,
                2,
                0,
                "mailbox",
                0,
                140,
                9,
                9,
                0,
                "semaphore",
                0,
                84,
                5,
                5,
                0
            ],
            "nMops": 528,
            "nRouts": 33
        },
        "mnist_cim_pkg": {
            "start_perf": [
                0.089120149612426758,
                0.030856999999999999,
                0.037579000000000001,
                245816,
                255848,
                1772867607.758146,
                20322266897932
            ],
            "child_modules": {},
            "Compiled": "Yes",
            "Compiled Times": 9,
            "nQuads": 0,
            "end_perf": [
                0.089483022689819336,
                0.031220000000000001,
                0.037579000000000001,
                246108,
                255848,
                20322267892312,
                12884901889,
                0
            ],
            "nRouts": 5,
            "nMops": 0
        },
        "tb_psum_accum": {
            "start_perf": [
                0.11316418647766113,
                0.036651999999999997,
                0.037579000000000001,
                250572,
                255848,
                1772867607.7821901,
                20322331529082
            ],
            "child_modules": {
                "psum_accum": 1
            },
            "Compiled": "Yes",
            "Compiled Times": 1,
            "significant_routs": [
                [
                    13,
                    "R_VCSgd_bT4e0_d",
                    980258,
                    1031,
                    91
                ],
                [
                    22,
                    "R_VCSgd_bT4e0_16",
                    963448,
                    852,
                    85
                ],
                [
                    25,
                    "R_VCSgd_bT4e0_19",
                    1535478,
                    1744,
                    176
                ],
                [
                    28,
                    "R_VCSgd_bT4e0_1c",
                    1901936,
                    1906,
                    189
                ],
                [
                    31,
                    "R_VCSgd_bT4e0_1f",
                    1417508,
                    1225,
                    113
                ]
            ],
            "end_perf": [
                0.13159012794494629,
                0.049757999999999997,
                0.037747000000000003,
                252620,
                255848,
                20322381126368,
                21474836481,
                0
            ],
            "nQuads": 487,
            "nMops": 1074,
            "nRouts": 45
        }
    },
    "stat": {
        "ru_childs_end": {
            "ru_utime_sec": 0.023297999999999999,
            "ru_stime_sec": 0.018676000000000002,
            "ru_maxrss_kb": 22108,
            "ru_nivcsw": 24,
            "ru_minflt": 11294,
            "ru_majflt": 0,
            "ru_nvcsw": 26
        },
        "ru_self_end": {
            "ru_utime_sec": 0.051503,
            "ru_stime_sec": 0.039484999999999999,
            "ru_maxrss_kb": 82208,
            "ru_nivcsw": 3,
            "ru_minflt": 28534,
            "ru_majflt": 0,
            "ru_nvcsw": 34
        },
        "cpu_cycles_end": 20322408940178,
        "peak_mem_kb": 255848
    },
    "CompUnits": {
        "amcQw_d": {
            "mod": "...MASTER...",
            "out": "objs/amcQw_d.o",
            "bytes": 8006,
            "text": 458,
            "mode": 4,
            "checksum": 0
        },
        "Zw2Gu_d": {
            "mod": "psum_accum",
            "out": "Zw2Gu_d.o",
            "bytes": 15622,
            "text": 5863,
            "archive": "archive.8/_24209_archive_1.a",
            "mode": 4,
            "checksum": 0
        },
        "bT4e0_d": {
            "mod": "tb_psum_accum",
            "out": "bT4e0_d.o",
            "bytes": 28776,
            "text": 10919,
            "archive": "archive.8/_24209_archive_1.a",
            "mode": 4,
            "checksum": 0
        }
    },
    "reusePaths": {
        "reYIK_d": {
            "icPath": "csrc"
        },
        "ehn8j_d": {
            "icPath": "csrc"
        }
    },
    "ObjArchives": [
        {
            "archive": "archive.8/_24209_archive_1.a",
            "objects": [
                [
                    "Zw2Gu_d.o",
                    15622
                ],
                [
                    "bT4e0_d.o",
                    28776
                ],
                [
                    "amcQwB.o",
                    117342
                ]
            ],