{
    "stat": {
        "ru_self_end": {
            "ru_nvcsw": 36,
            "ru_stime_sec": 0.055238000000000002,
            "ru_utime_sec": 0.12842999999999999,
            "ru_maxrss_kb": 88428,
            "ru_minflt": 31376,
            "ru_nivcsw": 7,
            "ru_majflt": 1
        },
        "cpu_cycles_end": 9392283495284,
        "ru_childs_end": {
            "ru_nvcsw": 61,
            "ru_stime_sec": 0.032453999999999997,
            "ru_utime_sec": 0.025864999999999999,
            "ru_maxrss_kb": 25280,
            "ru_minflt": 11860,
            "ru_nivcsw": 26,
            "ru_majflt": 10
        },
        "peak_mem_kb": 257352
    },
    "Modules": {
        "...MASTER...": {
            "start_perf": [
                0.19436287879943848,
                0.061110999999999999,
                0.037624999999999999,
                255340,
                256904,
                1772895854.3142519,
                9391943790212
            ],
            "nMops": 0,
            "child_modules": {
                "tb_fc1_cim_core_block": 1,
                "std": 1,
                "mnist_cim_pkg": 1
            },
            "end_perf": [
                0.22823286056518555,
                0.065048999999999996,
                0.041153000000000002,
                255360,
                256904,
                9392034934338,
                0,
                0
            ],
            "nQuads": 0,
            "nRouts": 5
        },
        "tb_fc1_cim_core_block": {
            "significant_routs": [
                [
                    16,
                    "U_VCSgd_haFpn_16",
                    3085378,
                    1813,
                    187
                ]
            ],
            "start_perf": [
                0.29589200019836426,
                0.106337,
                0.052386000000000002,
                257328,
                257352,
                1772895854.415781,
                9392216463854
            ],
            "nMops": 820,
            "child_modules": {
                "fc1_cim_core_block_0000": 1
            },
            "end_perf": [
                0.31495809555053711,
                0.125001,
                0.052777999999999999,
                257328,
                257352,
                9392267752332,
                42949672961,
                0
            ],
            "Compiled": "Yes",
            "Compiled Times": 2,
            "nQuads": 392,
            "nRouts": 53
        },
        "std": {
            "start_perf": [
                0.22850608825683594,
                0.065215999999999996,
                0.041258999999999997,
                255360,
                256904,
                1772895854.3483951,
                9392035587540
            ],
            "nMops": 528,
            "child_modules": {},
            "end_perf": [
                0.25482797622680664,
                0.071539000000000005,
                0.046289999999999998,
                255376,
                256904,
                9392106238964,
                8589934594,
                0
            ],
            "Compiled": "Yes",
            "Compiled Times": 15,
            "svclass": [
                "$vcs_nba_dyn_obj",
                0,
                35,
                2,
                2,
                0,
                "sigprop$$",
                0,
                35,
                2,
                2,
                0,
                "process",
                0,
                200,
                8,
                8,
                0,
                "event",
                0,
                34,
                2,
                2,
                0,
                "mailbox",
                0,
                140,
                9,
                9,
                0,
                "semaphore",
                0,
                84,
                5,
                5,
                0
            ],
            "nQuads": 218,
            "nRouts": 33
        },
        "mnist_cim_pkg": {
            "start_perf": [
                0.2549140453338623,
                0.071591000000000002,
                0.046323999999999997,
                255376,
                256904,
                1772895854.3748031,
                9392106413388
            ],
            "nMops": 0,
            "child_modules": {},
            "end_perf": [
                0.25576305389404297,
                0.072440000000000004,
                0.046323999999999997,
                255376,
                256904,
                9392108678902,
                12884901889,
                0
            ],
            "Compiled": "Yes",
            "Compiled Times": 15,
            "nQuads": 0,
            "nRouts": 5
        },
        "psum_accum": {
            "start_perf": [
                0.26736187934875488,
                0.081441,
                0.048863999999999998,
                257328,
                257332,
                1772895854.3872509,
                9392139813780
            ],
            "nMops": 688,
            "child_modules": {},
            "end_perf": [
                0.27083897590637207,
                0.083612000000000006,
                0.050167000000000003,
                257328,
                257332,
                9392149207610,
                30064771073,
                0
            ],
            "Compiled": "Yes",
            "Compiled Times": 2,
            "nQuads": 337,
            "nRouts": 31
        },
        "cim_tile": {
            "start_perf": [
                0.26519298553466797,
                0.079946000000000003,
                0.048243000000000001,
                257328,
                257332,
                1772895854.385082,
                9392134004894
            ],
            "nMops": 363,
            "child_modules": {},
            "end_perf": [
                0.26732087135314941,
                0.081415000000000001,
                0.048848999999999997,
                257328,
                257332,
                9392139738092,
                25769803777,
                0
            ],
            "Compiled": "Yes",
            "Compiled Times": 6,
            "nQuads": 143,
            "nRouts": 21
        },
        "input_buffer": {
            "start_perf": [
                0.25580191612243652,
                0.072479000000000002,
                0.046323999999999997,
                255376,
                256904,
                1772895854.3756909,
                9392108758024
            ],
            "nMops": 467,
            "child_modules": {},
            "end_perf": [
                0.2584989070892334,
                0.075174000000000005,
                0.046323999999999997,
                255376,
                256904,
                9392116046822,
                17179869185,
                0
            ],
            "Compiled": "Yes",
            "Compiled Times": 2,
            "nQuads": 187,
            "nRouts": 24
        },
        "fc1_weight_bank": {
            "significant_routs": [
                [
                    8,
                    "R_VCSgd_rE4Cd_8",
                    3285570,
                    2276,
                    249
                ]
            ],
            "start_perf": [
                0.25854587554931641,
                0.075221999999999997,
                0.046323999999999997,
                255376,
                256904,
                1772895854.3784349,
                9392116144920
            ],
            "nMops": 511,
            "child_modules": {},
            "end_perf": [
                0.2651360034942627,
                0.079908999999999994,
                0.048219999999999999,
                257328,
                257332,
                9392133889478,
                21474836481,
                0
            ],
            "Compiled": "Yes",