{
    "stat": {
        "peak_mem_kb": 257376,
        "ru_self_end": {
            "ru_utime_sec": 0.091772000000000006,
            "ru_minflt": 30763,
            "ru_stime_sec": 0.055971,
            "ru_maxrss_kb": 86704,
            "ru_majflt": 0,
            "ru_nvcsw": 29,
            "ru_nivcsw": 4
        },
        "ru_childs_end": {
            "ru_utime_sec": 0.021235,
            "ru_minflt": 11870,
            "ru_stime_sec": 0.021506999999999998,
            "ru_maxrss_kb": 25156,
            "ru_majflt": 0,
            "ru_nvcsw": 27,
            "ru_nivcsw": 26
        },
        "cpu_cycles_end": 11790801153297
    },
    "Modules": {
        "...MASTER...": {
            "start_perf": [
                0.10817909240722656,
                0.053511000000000003,
                0.050186000000000001,
                255364,
                256928,
                1772896746.969368,
                11790675837337
            ],
            "child_modules": {
                "std": 1,
                "tb_fc1_cim_core_block_dual": 1,
                "mnist_cim_pkg": 1
            },
            "end_perf": [
                0.1135401725769043,
                0.053511000000000003,
                0.052964999999999998,
                256352,
                256928,
                11790690283665,
                0,
                0
            ],
            "nRouts": 5,
            "nQuads": 0,
            "nMops": 0
        },
        "mnist_cim_pkg": {
            "start_perf": [
                0.11595416069030762,
                0.053511000000000003,
                0.055379999999999999,
                256376,
                256928,
                1772896746.977143,
                11790696728215
            ],
            "child_modules": {},
            "end_perf": [
                0.11635518074035645,
                0.053853999999999999,
                0.055438000000000001,
                256376,
                256928,
                11790697821717,
                12884901889,
                0
            ],
            "Compiled": "Yes",
            "nMops": 0,
            "Compiled Times": 16,
            "nRouts": 5,
            "nQuads": 0
        },
        "std": {
            "start_perf": [
                0.11362910270690918,
                0.053511000000000003,
                0.053053999999999997,
                256352,
                256928,
                1772896746.974818,
                11790690482575
            ],
            "child_modules": {},
            "Compiled": "Yes",
            "end_perf": [
                0.11592006683349609,
                0.053511000000000003,
                0.055344999999999998,
                256376,
                256928,
                11790696658703,
                8589934594,
                0
            ],
            "Compiled Times": 16,
            "svclass": [
                "$vcs_nba_dyn_obj",
                0,
                35,
                2,
                2,
                0,
                "sigprop$$",
                0,
                35,
                2,
                2,
                0,
                "process",
                0,
                200,
                8,
                8,
                0,
                "event",
                0,
                34,
                2,
                2,
                0,
                "mailbox",
                0,
                140,
                9,
                9,
                0,
                "semaphore",
                0,
                84,
                5,
                5,
                0
            ],
            "nMops": 528,
            "nQuads": 218,
            "nRouts": 33
        },
        "input_buffer": {
            "start_perf": [
                0.11638021469116211,
                0.053865999999999997,
                0.055451,
                256376,
                256928,
                1772896746.9775691,
                11790697872129
            ],
            "child_modules": {},
            "Compiled": "Yes",
            "end_perf": [
                0.12050318717956543,
                0.057495999999999998,
                0.055941999999999999,
                257352,
                257356,
                11790709050199,
                17179869185,
                0
            ],
            "significant_routs": [
                [
                    6,
                    "R_VCSgd_pbTwn_6",
                    2155986,
                    2472,
                    290
                ]
            ],
            "Compiled Times": 3,
            "nMops": 934,
            "nQuads": 374,
            "nRouts": 24
        },
        "fc1_cim_core_block_0000": {
            "start_perf": [
                0.13412022590637207,
                0.071077000000000001,
                0.055971,
                257352,
                257376,
                1772896746.9953091,
                11790745558107
            ],
            "child_modules": {
                "cim_tile": 1,
                "fc1_bias_bank": 1,
                "psum_accum": 1,
                "input_buffer": 1,
                "fc1_weight_bank": 1
            },
            "Compiled": "Yes",
            "end_perf": [
                0.14500308036804199,
                0.081960000000000005,
                0.055971,
                257352,
                257376,
                11790774872219,
                38654705665,
                0
            ],
            "significant_routs": [
                [
                    15,
                    "R_VCSgd_g6Ly0_f",
                    1747054,
                    2250,
                    186
                ],
                [
                    33,
                    "R_VCSgd_g6Ly0_21",
                    2579698,
                    5565,
                    752
                ],
                [
                    35,
                    "R_VCSgd_g6Ly0_23",
                    2412226,
                    5565,
                    752
                ],
                [
                    36,
                    "R_VCSgd_g6Ly0_24",
                    1292856,
                    2771,
                    417
                ]
            ],
            "Compiled Times": 3,
            "nMops": 6244,
            "nQuads": 1972,
            "nRouts": 80
        },
        "fc1_weight_bank": {
            "start_perf": [
                0.1205601692199707,
                0.057526000000000001,
                0.055971,
                257352,
                257356,
                1772896746.9817491,
                11790709109455
            ],
            "child_modules": {},
            "Compiled": "Yes",
            "end_perf": [
                0.12367820739746094,
                0.060635000000000001,
                0.055971,
                257352,
                257376,
                11790717520095,
                21474836481,
                0
            ],
            "significant_routs": [
                [
                    7,
                    "R_VCSgd_rE4Cd_7",
                    1865724,
                    2276,
                    249
                ]
            ],
            "Compiled Times": 3,
            "nMops": 499,
            "nQuads": 207,
            "nRouts": 27
        },
        "fc1_cim_core_block_dual": {
            "start_perf": [
                0.14505219459533691,
                0.082008999999999999,
                0.055971,
                257352,
                257376,
                1772896747.0062411,
                11790774943953
            ],
            "child_modules": {
                "fc1_cim_core_block_0000": 2
            },