{
    "Modules": {
        "...MASTER...": {
            "start_perf": [
                0.11159706115722656,
                0.064195000000000002,
                0.02895,
                255644,
                257208,
                1772897805.0888619,
                14634900645561
            ],
            "child_modules": {
                "tb_fc1_multi_block_parallel": 1,
                "std": 1,
                "mnist_cim_pkg": 1
            },
            "end_perf": [
                0.11726808547973633,
                0.064377000000000004,
                0.031557000000000002,
                256632,
                257208,
                14634915924199,
                0,
                0
            ],
            "nQuads": 0,
            "nRouts": 5,
            "nMops": 0
        },
        "std": {
            "start_perf": [
                0.11733222007751465,
                0.064420000000000005,
                0.031578000000000002,
                256632,
                257208,
                1772897805.0945971,
                14634916056605
            ],
            "child_modules": {},
            "Compiled": "Yes",
            "end_perf": [
                0.11946821212768555,
                0.065852999999999995,
                0.032280999999999997,
                256656,
                257208,
                14634921820565,
                8589934594,
                0
            ],
            "Compiled Times": 17,
            "svclass": [
                "$vcs_nba_dyn_obj",
                0,
                35,
                2,
                2,
                0,
                "sigprop$$",
                0,
                35,
                2,
                2,
                0,
                "process",
                0,
                200,
                8,
                8,
                0,
                "event",
                0,
                34,
                2,
                2,
                0,
                "mailbox",
                0,
                140,
                9,
                9,
                0,
                "semaphore",
                0,
                84,
                5,
                5,
                0
            ],
            "nMops": 528,
            "nQuads": 218,
            "nRouts": 33
        },
        "fc1_weight_bank": {
            "start_perf": [
                0.12415504455566406,
                0.068518999999999997,
                0.034258999999999998,
                257632,
                257636,
                1772897805.1014199,
                14634934395963
            ],
            "child_modules": {},
            "Compiled": "Yes",
            "significant_routs": [
                [
                    7,
                    "R_VCSgd_rE4Cd_7",
                    1652284,
                    2276,
                    249
                ]
            ],
            "end_perf": [
                0.12796616554260254,
                0.070614999999999997,
                0.035973999999999999,
                257632,
                257656,
                14634944671281,
                21474836481,
                0
            ],
            "Compiled Times": 4,
            "nMops": 998,
            "nQuads": 414,
            "nRouts": 27
        },
        "cim_tile": {
            "start_perf": [
                0.12799906730651855,
                0.070637000000000005,
                0.035985000000000003,
                257632,
                257656,
                1772897805.1052639,
                14634944729471
            ],
            "child_modules": {},
            "Compiled": "Yes",
            "significant_routs": [
                [
                    3,
                    "R_VCSgd_Nb8n4_3",
                    2820952,
                    1862,
                    214
                ]
            ],
            "end_perf": [
                0.13283300399780273,
                0.075199000000000002,
                0.036255999999999997,
                257632,
                257656,
                14634957783492,
                25769803777,
                0
            ],
            "Compiled Times": 8,
            "nMops": 726,
            "nQuads": 286,
            "nRouts": 21
        },
        "psum_accum": {
            "start_perf": [
                0.13288021087646484,
                0.075231999999999993,
                0.036271999999999999,
                257632,
                257656,
                1772897805.1101451,
                14634957867964
            ],
            "child_modules": {},
            "Compiled": "Yes",
            "significant_routs": [
                [
                    18,
                    "R_VCSgd_Zw2Gu_12",
                    2462476,
                    1660,
                    186
                ],
                [
                    20,
                    "R_VCSgd_Zw2Gu_14",
                    1880070,
                    1238,
                    141
                ]
            ],
            "end_perf": [
                0.14183306694030762,
                0.082942000000000002,
                0.037456999999999997,
                257632,
                257656,
                14634981995496,
                30064771073,
                0
            ],
            "Compiled Times": 4,
            "nMops": 1376,
            "nQuads": 674,
            "nRouts": 31
        },
        "mnist_cim_pkg": {
            "start_perf": [
                0.11950206756591797,
                0.065876000000000004,
                0.032292000000000001,
                256656,
                257208,
                1772897805.0967669,
                14634921935673
            ],
            "child_modules": {},
            "end_perf": [
                0.1199491024017334,
                0.065876000000000004,
                0.032738999999999997,
                256656,
                257208,
                14634923106121,
                12884901889,
                0
            ],
            "Compiled": "Yes",
            "nRouts": 5,
            "nMops": 0,
            "Compiled Times": 17,
            "nQuads": 0
        },
        "input_buffer": {
            "start_perf": [
                0.11997509002685547,
                0.065876000000000004,
                0.032765000000000002,
                256656,
                257208,
                1772897805.09724,
                14634923160289
            ],
            "child_modules": {},
            "Compiled": "Yes",
            "significant_routs": [
                [
                    6,
                    "R_VCSgd_pbTwn_6",
                    2215062,
                    2472,
                    290
                ]
            ],
            "end_perf": [
                0.12412023544311523,
                0.068495,
                0.034247,
                257632,
                257636,
                14634934338239,
                17179869185,
                0
            ],
            "Compiled Times": 4,
            "nMops": 934,
            "nQuads": 374,
            "nRouts": 24
        },
        "fc1_bias_bank": {
            "start_perf": [
                0.14188909530639648,
                0.082980999999999999,
                0.037475000000000001,
                257632,
                257656,
                1772897805.119154,
                14634982082384
            ],
            "child_modules": {},
            "Compiled": "Yes",
            "significant_routs": [
                [
                    6,
                    "R_VCSgd_Bg6nL_6",
                    2221178,
                    1142,
                    127
                ]
            ],