{
  "network": "784 -> 16 -> 10",
  "weight_layout": {
    "fc1": "row-major [out][in] = [16][784]",
    "fc2": "row-major [out][in] = [10][16]"
  },
  "input_layout": "[784]",
  "hidden_layout": "[16]",
  "output_layout": "[10]",
  "qparams": {
    "input": {
      "scale": 0.00392156862745098,
      "zero_point": -128,
      "dtype": "int8"
    },
    "fc1": {
      "weight_scale": 0.006777391658993218,
      "weight_zero_point": 0,
      "bias_scale": 2.657800650585576e-05,
      "output_scale": 0.1433736996387872,
      "output_zero_point": 0,
      "real_multiplier": 0.00018537574585029086,
      "multiplier_q31": 1630582305,
      "shift": 43
    },
    "fc2": {
      "weight_scale": 0.00837774257960282,
      "weight_zero_point": 0,
      "bias_scale": 0.001201147948259053,
      "output_scale": 0.23663463742714227,
      "output_zero_point": 0,
      "real_multiplier": 0.005075959974916503,
      "multiplier_q31": 1395269254,
      "shift": 38
    }
  }
}