{
  "network": "784 -> 128 -> 10",
  "weight_layout": {
    "fc1": "row-major [out][in] = [128][784]",
    "fc2": "row-major [out][in] = [10][128]"
  },
  "input_layout": "[784]",
  "hidden_layout": "[128]",
  "output_layout": "[10]",
  "qparams": {
    "input": {
      "scale": 0.00392156862745098,
      "zero_point": -128,
      "dtype": "int8"
    },
    "fc1": {
      "weight_scale": 0.0054975658889830584,
      "weight_zero_point": 0,
      "bias_scale": 2.155908191758062e-05,
      "output_scale": 0.09705875426765502,
      "output_zero_point": 0,
      "real_multiplier": 0.00022212403281138358,
      "multiplier_q31": 1953823655,
      "shift": 43
    },
    "fc2": {
      "weight_scale": 0.006710208307101032,
      "weight_zero_point": 0,
      "bias_scale": 0.0006512844591636965,
      "output_scale": 0.19684868159256583,
      "output_zero_point": 0,
      "real_multiplier": 0.0033085538287308132,
      "multiplier_q31": 1818896703,
      "shift": 39
    }
  }
}