{
  "network": "784 -> 16 -> 10",
  "weight_layout": {
    "fc1": "row-major [out][in] = [16][784]",
    "fc2": "row-major [out][in] = [10][16]"
  },
  "hidden_layout": "[16]",
  "output_layout": "[10]",
  "qparams": {
    "input": {
      "scale": 0.00392156862745098,
      "zero_point": -128,
      "dtype": "int8"
    },
    "fc1": {
      "weight_scale": 0.006150596723781796,
      "weight_zero_point": 0,
      "bias_scale": 2.4119987152085474e-05,
      "output_scale": 0.1528501135157788,
      "output_zero_point": 0,
      "real_multiplier": 0.0001578015651888643,
      "multiplier_q31": 1388037246,
      "shift": 43
    },
    "fc2": {
      "weight_scale": 0.008522545258829914,
      "weight_zero_point": 0,
      "bias_scale": 0.0013026720102555147,
      "output_scale": 0.16108293608417662,
      "output_zero_point": 0,
      "real_multiplier": 0.008086964652635717,
      "multiplier_q31": 1111463959,
      "shift": 37
    }
  }
}