{
  "network": "784 -> 16 -> 10",
  "weight_layout": {
    "fc1": "row-major [out][in] = [16][784]",
    "fc2": "row-major [out][in] = [10][16]"
  },
  "input_layout": "[784]",
  "hidden_layout": "[16]",
  "output_layout": "[10]",
  "qparams": {
    "input": {
      "scale": 0.00392156862745098,
      "zero_point": -128,
      "dtype": "int8"
    },
    "fc1": {
      "weight_scale": 0.006801396843016617,
      "weight_zero_point": 0,
      "bias_scale": 2.6672144482418107e-05,
      "output_scale": 0.1402934517447404,
      "output_zero_point": 0,
      "real_multiplier": 0.00019011681693417346,
      "multiplier_q31": 1672285207,
      "shift": 43
    },
    "fc2": {
      "weight_scale": 0.008666152090538205,
      "weight_zero_point": 0,
      "bias_scale": 0.0012158043901265027,
      "output_scale": 0.17630078473429042,
      "output_zero_point": 0,
      "real_multiplier": 0.006896193865267744,
      "multiplier_q31": 1895611336,
      "shift": 38
    }
  }
}