{
  "network": "784 -> 128 -> 10",
  "weight_layout": {
    "fc1": "row-major [out][in] = [128][784]",
    "fc2": "row-major [out][in] = [10][128]"
  },
  "input_layout": "[784]",
  "hidden_layout": "[128]",
  "output_layout": "[10]",
  "qparams": {
    "input": {
      "scale": 0.00392156862745098,
      "zero_point": -128,
      "dtype": "int8"
    },
    "fc1": {
      "weight_scale": 0.005943952113624633,
      "weight_zero_point": 0,
      "bias_scale": 2.3309616131861303e-05,
      "output_scale": 0.10048307584026667,
      "output_zero_point": 0,
      "real_multiplier": 0.00023197554351257649,
      "multiplier_q31": 2040478460,
      "shift": 43
    },
    "fc2": {
      "weight_scale": 0.006528224062731886,
      "weight_zero_point": 0,
      "bias_scale": 0.0006559760335977418,
      "output_scale": 0.21464850958876722,
      "output_zero_point": 0,
      "real_multiplier": 0.0030560474650137975,
      "multiplier_q31": 1680079861,
      "shift": 39
    }
  }
}