{
    "cycles_program_begin": 15654131451620,
    "CurCompileUdps": {},
    "stat": {
        "mop/quad": 2.5820105820105819,
        "cpu_cycles_cgstart": 15654319439208,
        "quadSpeed": 66760.86188625927,
        "ru_self_cgstart": {
            "ru_stime_sec": 0.023161999999999999,
            "ru_utime_sec": 0.050097999999999997,
            "ru_maxrss_kb": 71592,
            "ru_nvcsw": 27,
            "ru_minflt": 24944,
            "ru_majflt": 0,
            "ru_nivcsw": 5
        },
        "ru_childs_cgstart": {
            "ru_stime_sec": 0.024937999999999998,
            "ru_utime_sec": 0.015172,
            "ru_maxrss_kb": 21504,
            "ru_nvcsw": 25,
            "ru_minflt": 10703,
            "ru_majflt": 0,
            "ru_nivcsw": 22
        },
        "ru_self_end": {
            "ru_stime_sec": 0.029996999999999999,
            "ru_utime_sec": 0.061421999999999997,
            "ru_maxrss_kb": 79536,
            "ru_nvcsw": 28,
            "ru_minflt": 27885,
            "ru_majflt": 0,
            "ru_nivcsw": 6
        },
        "nQuads": 756,
        "nMops": 1952,
        "outputSizePerQuad": 226.62698412698413,
        "totalObjSize": 171330,
        "ru_childs_end": {
            "ru_stime_sec": 0.028132000000000001,
            "ru_utime_sec": 0.015172,
            "ru_maxrss_kb": 21900,
            "ru_nvcsw": 26,
            "ru_minflt": 11301,
            "ru_majflt": 0,
            "ru_nivcsw": 24
        },
        "realTime": 0.10360193252563477,
        "cpu_cycles_end": 15654377353374,
        "Frontend(%)": 85.215552132020775,
        "cpu_cycles_total": 245901754,
        "mopSpeed": 172377.25185446837,
        "CodeGen(%)": 14.784447867979218,
        "peak_mem_kb": 256168
    },
    "cpu_cycles_pass2_start": 15654319401364,
    "NameTable": {
        "std": [
            "std",
            "reYIK",
            "module",
            1
        ],
        "mnist_cim_pkg": [
            "mnist_cim_pkg",
            "ehn8j",
            "module",
            2
        ],
        "...MASTER...": [
            "SIM",
            "amcQw",
            "module",
            5
        ],
        "input_buffer": [
            "input_buffer",
            "pbTwn",
            "module",
            6
        ],
        "tb_input_buffer": [
            "tb_input_buffer",
            "A2wB6",
            "module",
            7
        ]
    },
    "CompileStrategy": "fullobj",
    "perf": [
        {
            "stat": [
                "main",
                "entry",
                0.012127876281738281,
                0.032381,
                0.013492000000000001,
                216440,
                216440,
                0.0,
                0.0,
                1772865871.1004159,
                15654131641584
            ],
            "sub": [
                {
                    "stat": [
                        "doParsingAndDesignResolution",
                        "entry",
                        0.019207954406738281,
                        0.034563000000000003,
                        0.017158,
                        240252,
                        241052,
                        0.0,
                        0.0,
                        1772865871.107496,
                        15654150672488
                    ],
                    "sub": []
                },
                {
                    "stat": [
                        "doParsingAndDesignResolution",
                        "exit",
                        0.023471832275390625,
                        0.036389999999999999,
                        0.019594,
                        240652,
                        241300,
                        0.0,
                        0.0,
                        1772865871.1117599,
                        15654162107906
                    ],
                    "sub": []
                },
                {
                    "stat": [
                        "doPostDesignResolutionToVir2Vcs",
                        "entry",
                        0.023965835571289062,
                        0.036712000000000002,
                        0.019768000000000001,
                        240800,
                        241300,
                        0.0,
                        0.0,
                        1772865871.1122539,
                        15654163484820
                    ],
                    "sub": [
                        {
                            "stat": [
                                "doUptoVir2VcsNoSepCleanup",
                                "entry",
                                0.026295900344848633,
                                0.038980000000000001,
                                0.01983,
                                242216,
                                242220,
                                0.0,
                                0.0,
                                1772865871.114584,
                                15654169670662
                            ],
                            "sub": []
                        },
                        {
                            "stat": [
                                "doUptoVir2VcsNoSepCleanup",
                                "exit",
                                0.058302879333496094,
                                0.046286000000000001,
                                0.023143,
                                243548,
                                256168,
                                0.0078969999999999995,
                                0.012175999999999999,
                                1772865871.1465909,
                                15654255734582
                            ],
                            "sub": []
                        },
                        {
                            "stat": [
                                "doRadify_vir2vcsAll",
                                "entry",
                                0.058358907699584961,
                                0.046323999999999997,
                                0.023161999999999999,
                                243548,
                                256168,
                                0.0078969999999999995,
                                0.012175999999999999,
                                1772865871.146647,
                                15654255840766
                            ],
                            "sub": []
                        },
                        {
                            "stat": [
                                "doRadify_vir2vcsAll",
                                "exit",
                                0.060842037200927734,
                                0.048806000000000002,
                                0.023161999999999999,
                                244500,
                                256168,
                                0.0078969999999999995,
                                0.012175999999999999,
                                1772865871.1491301,
                                15654262577582
                            ],
                            "sub": []
                        }
                    ]
                },
                {
                    "stat": [
                        "doPostDesignResolutionToVir2Vcs",
                        "exit",
                        0.060885906219482422,
                        0.048850999999999999,
                        0.023161999999999999,
                        244500,
                        256168,
                        0.0078969999999999995,
                        0.012175999999999999,
                        1772865871.149174,
                        15654262642280
                    ],