{
    "stat": {
        "Frontend(%)": 81.922286681169936,
        "ru_childs_cgstart": {
            "ru_maxrss_kb": 21460,
            "ru_utime_sec": 0.012317,
            "ru_stime_sec": 0.023271,
            "ru_minflt": 10696,
            "ru_majflt": 0,
            "ru_nvcsw": 25,
            "ru_nivcsw": 22
        },
        "ru_self_cgstart": {
            "ru_maxrss_kb": 71484,
            "ru_utime_sec": 0.041909000000000002,
            "ru_stime_sec": 0.025145000000000001,
            "ru_minflt": 25089,
            "ru_majflt": 0,
            "ru_nvcsw": 27,
            "ru_nivcsw": 3
        },
        "cpu_cycles_end": 8921070336130,
        "outputSizePerQuad": 231.66946778711485,
        "cpu_cycles_cgstart": 8921017365956,
        "nMops": 1918,
        "nQuads": 714,
        "quadSpeed": 59669.062343306046,
        "totalObjSize": 165412,
        "ru_self_end": {
            "ru_maxrss_kb": 79492,
            "ru_utime_sec": 0.053874999999999999,
            "ru_stime_sec": 0.030221999999999999,
            "ru_minflt": 28130,
            "ru_majflt": 0,
            "ru_nvcsw": 28,
            "ru_nivcsw": 4
        },
        "mopSpeed": 160287.48119672408,
        "ru_childs_end": {
            "ru_maxrss_kb": 21860,
            "ru_utime_sec": 0.012317,
            "ru_stime_sec": 0.025805000000000002,
            "ru_minflt": 11294,
            "ru_majflt": 0,
            "ru_nvcsw": 26,
            "ru_nivcsw": 24
        },
        "realTime": 0.10064911842346191,
        "cpu_cycles_total": 225958643,
        "mop/quad": 2.6862745098039214,
        "CodeGen(%)": 18.077713318830064,
        "peak_mem_kb": 256116
    },
    "LVLData": [
        "SIM"
    ],
    "cycles_program_begin": 8920844377487,
    "perf": [
        {
            "stat": [
                "main",
                "entry",
                0.016618013381958008,
                0.026995000000000002,
                0.013497,
                216440,
                216440,
                0.0,
                0.0,
                1772863366.1569829,
                8920844678073
            ],
            "sub": [
                {
                    "stat": [
                        "doParsingAndDesignResolution",
                        "entry",
                        0.023855209350585938,
                        0.030577,
                        0.01546,
                        240252,
                        241052,
                        0.0,
                        0.0,
                        1772863366.1642201,
                        8920864039340
                    ],
                    "sub": []
                },
                {
                    "stat": [
                        "doParsingAndDesignResolution",
                        "exit",
                        0.027747154235839844,
                        0.030644000000000001,
                        0.019283999999999999,
                        240636,
                        241284,
                        0.0,
                        0.0,
                        1772863366.168112,
                        8920874504540
                    ],
                    "sub": []
                },
                {
                    "stat": [
                        "doPostDesignResolutionToVir2Vcs",
                        "entry",
                        0.02825617790222168,
                        0.031153,
                        0.019285,
                        240788,
                        241284,
                        0.0,
                        0.0,
                        1772863366.1686211,
                        8920875857176
                    ],
                    "sub": [
                        {
                            "stat": [
                                "doUptoVir2VcsNoSepCleanup",
                                "entry",
                                0.030669212341308594,
                                0.031542000000000001,
                                0.021308000000000001,
                                242208,
                                242212,
                                0.0,
                                0.0,
                                1772863366.1710341,
                                8920882344772
                            ],
                            "sub": []
                        },
                        {
                            "stat": [
                                "doUptoVir2VcsNoSepCleanup",
                                "exit",
                                0.05802607536315918,
                                0.039268999999999998,
                                0.023841999999999999,
                                243536,
                                256116,
                                0.0077970000000000001,
                                0.0092090000000000002,
                                1772863366.198391,
                                8920955900444
                            ],
                            "sub": []
                        },
                        {
                            "stat": [
                                "doRadify_vir2vcsAll",
                                "entry",
                                0.058081150054931641,
                                0.039302999999999998,
                                0.023862999999999999,
                                243536,
                                256116,
                                0.0077970000000000001,
                                0.0092090000000000002,
                                1772863366.198446,
                                8920956005064
                            ],
                            "sub": []
                        },
                        {
                            "stat": [
                                "doRadify_vir2vcsAll",
                                "exit",
                                0.060438156127929688,
                                0.041659000000000002,
                                0.023862999999999999,
                                244452,
                                256116,
                                0.0077970000000000001,
                                0.0092090000000000002,
                                1772863366.200803,
                                8920962396326
                            ],
                            "sub": []
                        }
                    ]
                },
                {
                    "stat": [
                        "doPostDesignResolutionToVir2Vcs",
                        "exit",
                        0.060481071472167969,
                        0.041702999999999997,
                        0.023862999999999999,
                        244452,
                        256116,
                        0.0077970000000000001,
                        0.0092090000000000002,
                        1772863366.200846,
                        8920962451998
                    ],
                    "sub": []
                },
                {
                    "stat": [
                        "doGAToPass2",
                        "entry",
                        0.06049799919128418,
                        0.04172,
                        0.023862999999999999,
                        244452,
                        256116,
                        0.0077970000000000001,
                        0.0092090000000000002,
                        1772863366.2008629,
                        8920962494594
                    ],