{
    "rlimit": {
        "data": -1,
        "stack": -1
    },
    "stat": {
        "ru_self_cgstart": {
            "ru_utime_sec": 0.048083000000000001,
            "ru_stime_sec": 0.045850000000000002,
            "ru_nvcsw": 27,
            "ru_maxrss_kb": 71560,
            "ru_minflt": 24763,
            "ru_majflt": 0,
            "ru_nivcsw": 4
        },
        "totalObjSize": 118756,
        "ru_childs_cgstart": {
            "ru_utime_sec": 0.018155999999999999,
            "ru_stime_sec": 0.024532999999999999,
            "ru_nvcsw": 25,
            "ru_maxrss_kb": 21508,
            "ru_minflt": 10703,
            "ru_majflt": 0,
            "ru_nivcsw": 22
        },
        "nQuads": 756,
        "cpu_cycles_end": 16794726054948,
        "cpu_cycles_cgstart": 16794685243774,
        "peak_mem_kb": 256168,
        "nMops": 1952,
        "ru_self_end": {
            "ru_utime_sec": 0.053584,
            "ru_stime_sec": 0.052049999999999999,
            "ru_nvcsw": 28,
            "ru_maxrss_kb": 76904,
            "ru_minflt": 27122,
            "ru_majflt": 0,
            "ru_nivcsw": 5
        },
        "ru_childs_end": {
            "ru_utime_sec": 0.018155999999999999,
            "ru_stime_sec": 0.027782000000000001,
            "ru_nvcsw": 26,
            "ru_maxrss_kb": 21904,
            "ru_minflt": 11301,
            "ru_majflt": 0,
            "ru_nivcsw": 24
        },
        "cpu_cycles_total": 242540495,
        "outputSizePerQuad": 157.08465608465607,
        "realTime": 0.11057186126708984,
        "Frontend(%)": 92.332032339001941,
        "CodeGen(%)": 7.6679676609980572
    },
    "cycles_program_begin": 16794483514453,
    "PrevCompiledModules": {
        "std": {
            "reYIK_d": {
                "checksum": 0,
                "bytes": 43000,
                "mod": "std",
                "mode": 4,
                "archive": "archive.6/_prev_archive_1.a",
                "out": "reYIK_d.o"
            }
        },
        "input_buffer": {
            "pbTwn_d": {
                "checksum": 0,
                "bytes": 16570,
                "mod": "input_buffer",
                "out": "pbTwn_d.o",
                "mode": 4,
                "archive": "archive.6/_prev_archive_1.a"
            }
        },
        "mnist_cim_pkg": {
            "ehn8j_d": {
                "checksum": 0,
                "bytes": 6446,
                "mod": "mnist_cim_pkg",
                "mode": 4,
                "archive": "archive.6/_prev_archive_1.a",
                "out": "ehn8j_d.o"
            }
        },
        "tb_input_buffer": {
            "A2wB6_d": {
                "checksum": 0,
                "bytes": 27838,
                "mod": "tb_input_buffer",
                "out": "A2wB6_d.o",
                "mode": 4,
                "archive": "archive.6/_prev_archive_1.a"
            }
        },
        "...MASTER...": {
            "amcQw_d": {
                "checksum": 0,
                "bytes": 8006,
                "mod": "...MASTER...",
                "out": "objs/amcQw_d.o",
                "mode": 4
            }
        }
    },
    "cpu_cycles_pass2_start": 16794685201168,
    "perf": [
        {
            "stat": [
                "main",
                "entry",
                0.020372867584228516,
                0.029638000000000001,
                0.034318000000000001,
                216440,
                216440,
                0.0,
                0.0,
                1772866295.3386149,
                16794483819417
            ],
            "sub": [
                {
                    "stat": [
                        "doParsingAndDesignResolution",
                        "entry",
                        0.02814793586730957,
                        0.033162999999999998,
                        0.037062999999999999,
                        240252,
                        241052,
                        0.0,
                        0.0,
                        1772866295.34639,
                        16794504623336
                    ],
                    "sub": []
                },
                {
                    "stat": [
                        "doParsingAndDesignResolution",
                        "exit",
                        0.032261848449707031,
                        0.035626999999999999,
                        0.038712999999999997,
                        240652,
                        241300,
                        0.0,
                        0.0,
                        1772866295.3505039,
                        16794515697146
                    ],
                    "sub": []
                },
                {
                    "stat": [
                        "doPostDesignResolutionToVir2Vcs",
                        "entry",
                        0.032764911651611328,
                        0.036130000000000002,
                        0.038712999999999997,
                        240800,
                        241300,
                        0.0,
                        0.0,
                        1772866295.351007,
                        16794517023620
                    ],
                    "sub": [
                        {
                            "stat": [
                                "doUptoVir2VcsNoSepCleanup",
                                "entry",
                                0.035187959671020508,
                                0.038552999999999997,
                                0.038712999999999997,
                                242216,
                                242220,
                                0.0,
                                0.0,
                                1772866295.35343,
                                16794523536916
                            ],
                            "sub": []
                        },
                        {
                            "stat": [
                                "doUptoVir2VcsNoSepCleanup",
                                "exit",
                                0.069038867950439453,
                                0.046767999999999997,
                                0.042758999999999998,
                                243548,
                                256168,
                                0.0059639999999999997,
                                0.015152000000000001,
                                1772866295.3872809,
                                16794614557174
                            ],
                            "sub": []
                        },
                        {
                            "stat": [
                                "doRadify_vir2vcsAll",
                                "entry",
                                0.069095849990844727,
                                0.046797999999999999,
                                0.042786999999999999,
                                243548,
                                256168,
                                0.0059639999999999997,
                                0.015152000000000001,
                                1772866295.3873379,
                                16794614661746
                            ],
                            "sub": []
                        },
                        {
                            "stat": [
                                "doRadify_vir2vcsAll",
                                "exit",
                                0.071628808975219727,
                                0.048053999999999999,
                                0.044049999999999999,
                                244504,
                                256168,
                                0.0059639999999999997,
                                0.015152000000000001,
                                1772866295.3898709,
                                16794621510004
                            ],