{
    "Modules": {
        "...MASTER...": {
            "start_perf": [
                0.095399856567382812,
                0.048083000000000001,
                0.045880999999999998,
                242948,
                256168,
                1772866295.4136419,
                16794685362588
            ],
            "end_perf": [
                0.10065889358520508,
                0.049209999999999997,
                0.046550000000000001,
                244436,
                256168,
                16794699534292,
                0,
                0
            ],
            "child_modules": {
                "std": 1,
                "mnist_cim_pkg": 1,
                "tb_input_buffer": 1
            },
            "nQuads": 0,
            "nMops": 0,
            "nRouts": 5
        },
        "std": {
            "start_perf": [
                0.10071897506713867,
                0.049242000000000001,
                0.046580000000000003,
                244436,
                256168,
                1772866295.418961,
                16794699663534
            ],
            "end_perf": [
                0.10325384140014648,
                0.049834000000000003,
                0.048522000000000003,
                244608,
                256168,
                16794706525964,
                8589934594,
                0
            ],
            "child_modules": {},
            "nRouts": 33,
            "Compiled": "Yes",
            "nQuads": 218,
            "Compiled Times": 7,
            "svclass": [
                "$vcs_nba_dyn_obj",
                0,
                35,
                2,
                2,
                0,
                "sigprop$$",
                0,
                35,
                2,
                2,
                0,
                "process",
                0,
                200,
                8,
                8,
                0,
                "event",
                0,
                34,
                2,
                2,
                0,
                "mailbox",
                0,
                140,
                9,
                9,
                0,
                "semaphore",
                0,
                84,
                5,
                5,
                0
            ],
            "nMops": 528
        },
        "tb_input_buffer": {
            "start_perf": [
                0.10571098327636719,
                0.051062000000000003,
                0.049751999999999998,
                244940,
                256168,
                1772866295.4239531,
                16794713084092
            ],
            "end_perf": [
                0.10733199119567871,
                0.05253,
                0.049903999999999997,
                244940,
                256168,
                16794717456102,
                21474836481,
                0
            ],
            "child_modules": {
                "input_buffer": 1
            },
            "nRouts": 25,
            "Compiled": "Yes",
            "nQuads": 351,
            "Compiled Times": 2,
            "nMops": 957
        },
        "input_buffer": {
            "start_perf": [
                0.10377383232116699,
                0.050097000000000003,
                0.048779000000000003,
                244608,
                256168,
                1772866295.4220159,
                16794707881096
            ],
            "end_perf": [
                0.10567784309387207,
                0.051043999999999999,
                0.049736000000000002,
                244940,
                256168,
                16794713019736,
                17179869185,
                0
            ],
            "child_modules": {},
            "nRouts": 24,
            "Compiled": "Yes",
            "nQuads": 187,
            "Compiled Times": 2,
            "nMops": 467
        },
        "mnist_cim_pkg": {
            "start_perf": [
                0.10330295562744141,
                0.049859000000000001,
                0.048545999999999999,
                244608,
                256168,
                1772866295.421545,
                16794706614272
            ],
            "end_perf": [
                0.10374093055725098,
                0.050081000000000001,
                0.048763000000000001,
                244608,
                256168,
                16794707813108,
                12884901889,
                0
            ],
            "child_modules": {},
            "nRouts": 5,
            "Compiled": "Yes",
            "nQuads": 0,
            "Compiled Times": 7,
            "nMops": 0
        }
    },
    "CompUnits": {},
    "reusePaths": {
        "amcQw_d": {
            "icPath": "csrc"
        },
        "A2wB6_d": {
            "icPath": "csrc"
        },
        "ehn8j_d": {
            "icPath": "csrc"
        },
        "reYIK_d": {
            "icPath": "csrc"
        },
        "pbTwn_d": {
            "icPath": "csrc"
        }
    },
    "ObjArchives": [
        {
            "size": 118756,
            "archive": "archive.6/_20724_archive_1.a",
            "objects": [
                [
                    "amcQwB.o",
                    118756
                ]
            ]
        }
    ],
    "stat": {
        "ru_self_end": {
            "ru_utime_sec": 0.053384000000000001,
            "ru_stime_sec": 0.052049999999999999,
            "ru_nvcsw": 28,
            "ru_maxrss_kb": 76904,
            "ru_minflt": 27118,
            "ru_majflt": 0,
            "ru_nivcsw": 4
        },
        "ru_childs_end": {
            "ru_utime_sec": 0.018155999999999999,
            "ru_stime_sec": 0.027782000000000001,
            "ru_nvcsw": 26,
            "ru_maxrss_kb": 21904,
            "ru_minflt": 11301,
            "ru_majflt": 0,
            "ru_nivcsw": 24
        },
        "cpu_cycles_end": 16794725461406,
        "peak_mem_kb": 256168
    }
}