{
    "CompUnits": {
        "amcQw_d": {
            "mod": "...MASTER...",
            "text": 458,
            "out": "objs/amcQw_d.o",
            "bytes": 8006,
            "mode": 4,
            "checksum": 0
        },
        "pbTwn_d": {
            "mod": "input_buffer",
            "text": 4100,
            "out": "pbTwn_d.o",
            "bytes": 14024,
            "archive": "archive.2/_10414_archive_1.a",
            "mode": 4,
            "checksum": 0
        },
        "A2wB6_d": {
            "mod": "tb_input_buffer",
            "text": 8677,
            "out": "A2wB6_d.o",
            "bytes": 25430,
            "archive": "archive.2/_10414_archive_1.a",
            "mode": 4,
            "checksum": 0
        }
    },
    "Modules": {
        "...MASTER...": {
            "start_perf": [
                0.080952167510986328,
                0.041928,
                0.025156999999999999,
                242896,
                256116,
                1772863366.2213171,
                8921017483270
            ],
            "child_modules": {
                "std": 1,
                "mnist_cim_pkg": 1,
                "tb_input_buffer": 1
            },
            "end_perf": [
                0.086258172988891602,
                0.043237999999999999,
                0.026499999999999999,
                245364,
                256116,
                8921031785528,
                0,
                0
            ],
            "nQuads": 0,
            "nMops": 0,
            "nRouts": 5
        },
        "std": {
            "start_perf": [
                0.086321115493774414,
                0.043277999999999997,
                0.026525,
                245364,
                256116,
                1772863366.226686,
                8921031916306
            ],
            "child_modules": {},
            "Compiled Times": 3,
            "svclass": [
                "$vcs_nba_dyn_obj",
                0,
                35,
                2,
                2,
                0,
                "sigprop$$",
                0,
                35,
                2,
                2,
                0,
                "process",
                0,
                200,
                8,
                8,
                0,
                "event",
                0,
                34,
                2,
                2,
                0,
                "mailbox",
                0,
                140,
                9,
                9,
                0,
                "semaphore",
                0,
                84,
                5,
                5,
                0
            ],
            "nQuads": 218,
            "Compiled": "Yes",
            "end_perf": [
                0.088582038879394531,
                0.044345999999999997,
                0.027716000000000001,
                245772,
                256116,
                8921038012342,
                8589934594,
                0
            ],
            "nMops": 528,
            "nRouts": 33
        },
        "tb_input_buffer": {
            "start_perf": [
                0.092640161514282227,
                0.047576,
                0.028545000000000001,
                250108,
                256116,
                1772863366.233005,
                8921048897116
            ],
            "child_modules": {
                "input_buffer": 1
            },
            "Compiled Times": 1,
            "nQuads": 330,
            "Compiled": "Yes",
            "significant_routs": [
                [
                    6,
                    "R_VCSgd_A2wB6_6",
                    2202038,
                    2316,
                    260
                ],
                [
                    10,
                    "R_VCSgd_A2wB6_a",
                    2240062,
                    2350,
                    266
                ],
                [
                    11,
                    "R_VCSgd_A2wB6_b",
                    2229904,
                    2413,
                    271
                ]
            ],
            "end_perf": [
                0.097350120544433594,
                0.052271999999999999,
                0.028545000000000001,
                250108,
                256116,
                8921061596720,
                21474836481,
                0
            ],
            "nMops": 940,
            "nRouts": 24
        },
        "mnist_cim_pkg": {
            "start_perf": [
                0.088617086410522461,
                0.044367999999999998,
                0.027730000000000001,
                245772,
                256116,
                1772863366.228982,
                8921038085072
            ],
            "Compiled Times": 3,
            "child_modules": {},
            "nQuads": 0,
            "Compiled": "Yes",
            "end_perf": [
                0.088975191116333008,
                0.044367999999999998,
                0.028087000000000001,
                246028,
                256116,
                8921039064282,
                12884901889,
                0
            ],
            "nMops": 0,
            "nRouts": 5
        },
        "input_buffer": {
            "start_perf": [
                0.089003086090087891,
                0.044367999999999998,
                0.028115999999999999,
                246028,
                256116,
                1772863366.229368,
                8921039122398
            ],
            "child_modules": {},
            "Compiled Times": 1,
            "nQuads": 166,
            "Compiled": "Yes",
            "significant_routs": [
                [
                    5,
                    "R_VCSgd_pbTwn_5",
                    2643676,
                    2472,
                    290
                ]
            ],
            "end_perf": [
                0.092605113983154297,
                0.047552999999999998,
                0.028531999999999998,
                250108,
                256116,
                8921048837238,
                17179869185,
                0
            ],
            "nMops": 450,
            "nRouts": 23
        }
    },
    "reusePaths": {
        "ehn8j_d": {
            "icPath": "csrc"
        },
        "reYIK_d": {
            "icPath": "csrc"
        }
    },
    "ObjArchives": [
        {
            "archive": "archive.2/_10414_archive_1.a",
            "size": 157406,
            "objects": [
                [
                    "pbTwn_d.o",
                    14024
                ],
                [
                    "A2wB6_d.o",
                    25430
                ],
                [
                    "amcQwB.o",
                    117952
                ]
            ]
        }
    ],
    "stat": {
        "ru_self_end": {
            "ru_maxrss_kb": 79492,
            "ru_utime_sec": 0.053779,
            "ru_stime_sec": 0.030168,
            "ru_minflt": 28126,
            "ru_majflt": 0,
            "ru_nvcsw": 28,
            "ru_nivcsw": 4
        },
        "ru_childs_end": {
            "ru_maxrss_kb": 21860,
            "ru_utime_sec": 0.012317,
            "ru_stime_sec": 0.025805000000000002,
            "ru_minflt": 11294,
            "ru_majflt": 0,
            "ru_nvcsw": 26,
            "ru_nivcsw": 24
        },
        "cpu_cycles_end": 8921069932484,
        "peak_mem_kb": 256116
    }
}